x
J-2,BronchoFibroblast
J-3,AirwayEpithelial
J-4,Tcell
J-5,Pericyte
J-6,PatrolMac
J-7,AirwayEpithelial
J-8,BronchoFibroblast
J-9,AirwayEpithelial
J-10,BronchoFibroblast
J-11,Capillary
J-12,InterstitialMac
J-14,Bcell
J-15,Tcell
J-16,AirwayEpithelial
J-17,AirwayEpithelial
J-18,AirwayEpithelial
J-19,Tcell
J-20,Bcell
J-21,AirwayEpithelial
J-22,Bcell
J-23,AirwayEpithelial
J-24,Neutrophil
J-25,InflamMac
J-26,InterstitialMac
J-27,AirwayEpithelial
J-28,BronchoFibroblast
J-29,SMC
J-30,AirwayEpithelial
J-31,InflamMac
J-32,BronchoFibroblast
J-33,SMC
J-34,AirwayEpithelial
J-35,Tcell
J-36,Tcell
J-37,Tcell
J-38,AirwayEpithelial
J-39,AirwayEpithelial
J-40,Tcell
J-41,AirwayEpithelial
J-42,Tcell
J-44,Tcell
J-45,PatrolMac
J-46,AirwayEpithelial
J-47,PatrolMac
J-48,AirwayEpithelial
J-49,InflamMac
J-50,AirwayEpithelial
J-51,AirwayEpithelial
J-52,Tcell
J-53,AirwayEpithelial
J-54,Capillary
J-55,AirwayEpithelial
J-56,AirwayEpithelial
J-57,Tcell
J-59,BronchoFibroblast
J-60,InflamMac
J-61,SMC
J-62,BronchoFibroblast
J-63,Tcell
J-64,BronchoFibroblast
J-65,Tcell
J-66,AirwayEpithelial
J-67,AirwayEpithelial
J-68,AT2
J-69,SMC
J-70,AirwayEpithelial
J-71,Capillary
J-72,BronchoFibroblast
J-73,PatrolMac
J-74,AirwayEpithelial
J-75,AlveolarMac
J-76,AirwayEpithelial
J-78,AT1
J-79,AirwayEpithelial
J-80,AirwayEpithelial
J-81,BronchoFibroblast
J-82,Capillary
J-83,AirwayEpithelial
J-84,InterstitialMac
J-85,AirwayEpithelial
J-86,Tcell
J-87,AirwayEpithelial
J-89,AT1
J-90,Tcell
J-91,AlveolarFibroblast
J-92,Tcell
J-94,BronchoFibroblast
J-95,Tcell
J-96,Tcell
J-97,SMC
J-98,Neutrophil
J-99,PatrolMac
J-100,Tcell
J-102,AirwayEpithelial
J-103,AirwayEpithelial
J-104,AirwayEpithelial
J-105,BronchoFibroblast
J-106,AirwayEpithelial
J-107,AirwayEpithelial
J-108,AirwayEpithelial
J-109,AirwayEpithelial
J-110,AirwayEpithelial
J-111,BronchoFibroblast
J-112,SMC
J-113,Tcell
J-114,AirwayEpithelial
J-115,InflamMac
J-116,AirwayEpithelial
J-117,MyoFB
J-118,Tcell
J-119,BronchoFibroblast
J-120,Capillary
J-122,perivascularDC
J-125,BronchoFibroblast
J-126,Tcell
J-127,SMC
J-128,AirwayEpithelial
J-129,Capillary
J-130,MyoFB
J-131,AirwayEpithelial
J-132,AirwayEpithelial
J-133,AirwayEpithelial
J-134,AirwayEpithelial
J-135,AirwayEpithelial
J-136,SMC
J-137,AirwayEpithelial
J-138,Capillary
J-139,Tcell
J-141,BronchoFibroblast
J-142,AirwayEpithelial
J-143,Capillary
J-144,AirwayEpithelial
J-145,AirwayEpithelial
J-146,AirwayEpithelial
J-147,AirwayEpithelial
J-149,MyoFB
J-150,AirwayEpithelial
J-151,SMC
J-152,Tcell
J-153,AlveolarFibroblast
J-154,BronchoFibroblast
J-155,AirwayEpithelial
J-156,BronchoFibroblast
J-157,SMC
J-158,Tcell
J-159,Tcell
J-160,BronchoFibroblast
J-161,SMC
J-162,InflamMac
J-163,Capillary
J-164,Tcell
J-166,Tcell
J-167,Tcell
J-168,Capillary
J-169,Tcell
J-171,AirwayEpithelial
J-172,AirwayEpithelial
J-174,BronchoFibroblast
J-175,AirwayEpithelial
J-176,SMC
J-177,SMC
J-179,AirwayEpithelial
J-180,SMC
J-181,Pericyte
J-182,SMC
J-183,AirwayEpithelial
J-184,AirwayEpithelial
J-185,InflamMac
J-186,Capillary
J-187,SMC
J-188,SMC
J-189,InterstitialMac
J-190,BronchoFibroblast
J-191,Tcell
J-192,AirwayEpithelial
J-194,Tcell
J-195,BronchoFibroblast
J-196,Tcell
J-197,Tcell
J-198,Tcell
J-200,BronchoFibroblast
J-201,AirwayEpithelial
J-202,AirwayEpithelial
J-203,SMC
J-204,SMC
J-205,SMC
J-206,Capillary
J-207,AirwayEpithelial
J-208,AirwayEpithelial
J-209,AirwayEpithelial
J-210,Tcell
J-211,AirwayEpithelial
J-212,BronchoFibroblast
J-213,AirwayEpithelial
J-215,Tcell
J-218,AirwayEpithelial
J-219,AirwayEpithelial
J-220,SMC
J-221,AirwayEpithelial
J-222,AirwayEpithelial
J-223,AirwayEpithelial
J-224,Capillary
J-225,AirwayEpithelial
J-226,perivascularDC
J-227,Capillary
J-228,AirwayEpithelial
J-229,AirwayEpithelial
J-230,Tcell
J-231,AirwayEpithelial
J-232,BronchoFibroblast
J-233,AirwayEpithelial
J-234,Tcell
J-235,Tcell
J-236,Tcell
J-237,BronchoFibroblast
J-238,Tcell
J-239,Tcell
J-240,MyoFB
J-241,mucosalDC
J-243,SMC
J-244,Tcell
J-247,AlveolarMac
J-248,AirwayEpithelial
J-249,MyoFB
J-250,AlveolarFibroblast
J-251,AlveolarMac
J-252,SMC
J-253,Tcell
J-254,AlveolarFibroblast
J-255,Tcell
J-256,Pericyte
J-257,AirwayEpithelial
J-258,BronchoFibroblast
J-262,SMC
J-264,Tcell
J-265,Tcell
J-266,Tcell
J-267,AirwayEpithelial
J-268,AirwayEpithelial
J-270,Tcell
J-272,SMC
J-273,AirwayEpithelial
J-274,BronchoFibroblast
J-275,Tcell
J-277,Tcell
J-278,Tcell
J-279,BronchoFibroblast
J-280,SMC
J-281,AirwayEpithelial
J-282,AirwayEpithelial
J-283,SMC
J-284,BronchoFibroblast
J-286,AirwayEpithelial
J-287,AirwayEpithelial
J-289,Tcell
J-290,AirwayEpithelial
J-292,Tcell
J-295,SMC
J-296,InterstitialMac
J-298,SMC
J-299,AirwayEpithelial
J-302,InterstitialMac
J-303,AirwayEpithelial
J-304,Tcell
J-306,BronchoFibroblast
J-307,AirwayEpithelial
J-308,SMC
J-309,AirwayEpithelial
J-311,Tcell
J-312,Tcell
J-313,Capillary
J-314,mucosalDC
J-315,Capillary
J-316,Capillary
J-317,AirwayEpithelial
J-318,AirwayEpithelial
J-319,Tcell
J-320,Tcell
J-323,SMC
J-324,AirwayEpithelial
J-325,Tcell
J-326,Tcell
J-327,AirwayEpithelial
J-329,AirwayEpithelial
J-330,AirwayEpithelial
J-331,Capillary
J-332,BronchoFibroblast
J-333,Capillary
J-334,BronchoFibroblast
J-335,SMC
J-336,SMC
J-337,AirwayEpithelial
J-339,SMC
J-340,BronchoFibroblast
J-342,PatrolMac
J-344,Tcell
J-345,AirwayEpithelial
J-346,InterstitialMac
J-347,Tcell
J-348,AirwayEpithelial
J-349,AirwayEpithelial
J-350,Tcell
J-351,AirwayEpithelial
J-352,MyoFB
J-353,SMC
J-354,AirwayEpithelial
J-355,AirwayEpithelial
J-356,BronchoFibroblast
J-357,Tcell
J-358,Tcell
J-360,InflamMac
J-361,AirwayEpithelial
J-362,Tcell
J-363,Tcell
J-365,InflamMac
J-366,Tcell
J-367,BronchoFibroblast
J-368,Tcell
J-371,AirwayEpithelial
J-372,AirwayEpithelial
J-373,SMC
J-375,AirwayEpithelial
J-376,Tcell
J-377,Tcell
J-378,perivascularDC
J-379,AirwayEpithelial
J-381,Capillary
J-382,Tcell
J-384,SMC
J-386,AirwayEpithelial
J-387,AirwayEpithelial
J-388,Pericyte
J-389,BronchoFibroblast
J-390,Tcell
J-393,AirwayEpithelial
J-394,AirwayEpithelial
J-395,AirwayEpithelial
J-396,AirwayEpithelial
J-397,AirwayEpithelial
J-398,AirwayEpithelial
J-399,AirwayEpithelial
J-400,Tcell
J-401,SMC
J-402,Vein
J-403,AirwayEpithelial
J-406,SMC
J-407,BronchoFibroblast
J-408,SMC
J-409,InterstitialMac
J-414,Tcell
J-415,AirwayEpithelial
J-416,BronchoFibroblast
J-417,Tcell
J-419,BronchoFibroblast
J-420,AirwayEpithelial
J-421,AirwayEpithelial
J-422,Tcell
J-423,AirwayEpithelial
J-424,Tcell
J-425,Tcell
J-426,AirwayEpithelial
J-427,BronchoFibroblast
J-429,Tcell
J-430,AirwayEpithelial
J-431,MyoFB
J-432,AirwayEpithelial
J-433,BronchoFibroblast
J-434,Tcell
J-435,AirwayEpithelial
J-436,Tcell
J-437,Tcell
J-440,Tcell
J-441,SMC
J-442,BronchoFibroblast
J-443,AirwayEpithelial
J-445,Neutrophil
J-447,BronchoFibroblast
J-448,Tcell
J-449,Tcell
J-451,AirwayEpithelial
J-452,BronchoFibroblast
J-457,Tcell
J-460,AirwayEpithelial
J-462,Tcell
J-463,Tcell
J-465,SMC
J-466,Tcell
J-467,Tcell
J-470,AirwayEpithelial
J-471,AirwayEpithelial
J-472,SMC
J-473,AirwayEpithelial
J-474,AirwayEpithelial
J-480,BronchoFibroblast
J-481,Tcell
J-482,AirwayEpithelial
J-483,Tcell
J-486,AlveolarMac
J-487,AirwayEpithelial
J-488,AirwayEpithelial
J-490,AirwayEpithelial
J-493,AT1
J-494,SMC
J-497,AirwayEpithelial
J-500,AirwayEpithelial
J-501,BronchoFibroblast
J-504,SMC
J-505,Tcell
J-507,AT2
J-508,SMC
J-509,Tcell
J-510,Capillary
J-511,Bcell
J-512,Capillary
J-513,AirwayEpithelial
J-514,Tcell
J-515,BronchoFibroblast
J-516,AirwayEpithelial
J-517,AT1
J-519,AirwayEpithelial
J-520,AirwayEpithelial
J-522,AirwayEpithelial
J-523,Capillary
J-524,Capillary
J-526,Tcell
J-527,Tcell
J-530,AirwayEpithelial
J-531,AlveolarFibroblast
J-532,SMC
J-533,Capillary
J-534,Tcell
J-535,Tcell
J-536,InflamMac
J-537,BronchoFibroblast
J-538,Bcell
J-539,BronchoFibroblast
J-540,AirwayEpithelial
J-541,Tcell
J-542,BronchoFibroblast
J-543,SMC
J-544,MyoFB
J-545,AirwayEpithelial
J-546,Tcell
J-547,SMC
J-548,Tcell
J-549,SMC
J-550,AirwayEpithelial
J-551,AirwayEpithelial
J-552,Tcell
J-553,SMC
J-554,BronchoFibroblast
J-555,AirwayEpithelial
J-556,Tcell
J-558,perivascularDC
J-559,Tcell
J-560,AirwayEpithelial
J-561,Capillary
J-563,AirwayEpithelial
J-564,SMC
J-565,Tcell
J-566,Tcell
J-567,Tcell
J-568,Pericyte
J-569,AirwayEpithelial
J-570,AirwayEpithelial
J-571,BronchoFibroblast
J-572,InflamMac
J-573,BronchoFibroblast
J-574,Tcell
J-575,AirwayEpithelial
J-577,SMC
J-579,AirwayEpithelial
J-580,MyoFB
J-581,AirwayEpithelial
J-583,Tcell
J-584,BronchoFibroblast
J-585,AlveolarFibroblast
J-586,AirwayEpithelial
J-587,SMC
J-588,Capillary
J-589,Tcell
J-590,AlveolarFibroblast
J-591,AirwayEpithelial
J-592,Bcell
J-593,AirwayEpithelial
J-594,SMC
J-595,Capillary
J-596,Bcell
J-597,SMC
J-599,Tcell
J-600,Capillary
J-601,SMC
J-602,AirwayEpithelial
J-604,BronchoFibroblast
J-605,BronchoFibroblast
J-606,SMC
J-607,SMC
J-609,AirwayEpithelial
J-612,Capillary
J-614,AirwayEpithelial
J-616,Tcell
J-617,Capillary
J-619,AirwayEpithelial
J-620,Tcell
J-621,SMC
J-622,AirwayEpithelial
J-623,AirwayEpithelial
J-624,Tcell
J-626,AirwayEpithelial
J-628,Tcell
J-631,Capillary
J-632,PatrolMac
J-633,SMC
J-634,AirwayEpithelial
J-635,AirwayEpithelial
J-638,AT1
J-639,Capillary
J-640,AirwayEpithelial
J-641,AirwayEpithelial
J-642,BronchoFibroblast
J-643,AirwayEpithelial
J-644,Tcell
J-645,AirwayEpithelial
J-647,BronchoFibroblast
J-648,AirwayEpithelial
J-650,Tcell
J-651,AirwayEpithelial
J-652,MyoFB
J-653,BronchoFibroblast
J-656,Tcell
J-657,mucosalDC
J-658,AirwayEpithelial
J-659,AirwayEpithelial
J-660,Tcell
J-662,BronchoFibroblast
J-663,AirwayEpithelial
J-664,Tcell
J-665,Capillary
J-666,AirwayEpithelial
J-667,AirwayEpithelial
J-668,AirwayEpithelial
J-669,AirwayEpithelial
J-671,AlveolarMac
J-672,SMC
J-673,SMC
J-675,Capillary
J-676,AirwayEpithelial
J-677,MyoFB
J-678,Bcell
J-679,SMC
J-681,AirwayEpithelial
J-683,BronchoFibroblast
J-684,BronchoFibroblast
J-685,AirwayEpithelial
J-687,AirwayEpithelial
J-688,Tcell
J-689,AirwayEpithelial
J-690,AirwayEpithelial
J-691,AirwayEpithelial
J-693,AlveolarFibroblast
J-694,AirwayEpithelial
J-696,Tcell
J-697,Capillary
J-698,Tcell
J-699,SMC
J-700,Artery
J-701,Capillary
J-703,Tcell
J-704,Tcell
J-705,Tcell
J-707,Tcell
J-710,Capillary
J-713,Bcell
J-714,AirwayEpithelial
J-715,AirwayEpithelial
J-716,Capillary
J-717,AirwayEpithelial
J-718,AirwayEpithelial
J-719,AlveolarFibroblast
J-720,Tcell
J-721,SMC
J-722,AirwayEpithelial
J-724,Capillary
J-725,SMC
J-726,InterstitialMac
J-727,AirwayEpithelial
J-728,AT2
J-729,Neutrophil
J-730,MyoFB
J-731,Capillary
J-733,Tcell
J-734,Capillary
J-735,BronchoFibroblast
J-736,AirwayEpithelial
J-737,Bcell
J-738,BronchoFibroblast
J-739,BronchoFibroblast
J-741,InterstitialMac
J-742,Tcell
J-743,Capillary
J-745,Capillary
J-746,BronchoFibroblast
J-747,Neutrophil
J-750,Tcell
J-753,SMC
J-754,Capillary
J-755,AirwayEpithelial
J-756,SMC
J-757,Bcell
J-758,Capillary
J-759,AirwayEpithelial
J-760,PatrolMac
J-761,InterstitialMac
J-762,Tcell
J-763,AirwayEpithelial
J-764,SMC
J-765,AirwayEpithelial
J-767,Tcell
J-769,AirwayEpithelial
J-770,Tcell
J-772,AirwayEpithelial
J-773,AlveolarFibroblast
J-774,pDC
J-775,BronchoFibroblast
J-776,BronchoFibroblast
J-777,Tcell
J-783,SMC
J-785,Tcell
J-786,AirwayEpithelial
J-788,BronchoFibroblast
J-789,InflamMac
J-790,Tcell
J-792,AirwayEpithelial
J-794,Tcell
J-795,AlveolarFibroblast
J-801,Vein
J-804,AirwayEpithelial
J-805,InflamMac
J-806,Tcell
J-808,AirwayEpithelial
J-810,AT1
J-814,AlveolarFibroblast
J-817,Tcell
J-821,AirwayEpithelial
J-823,SMC
J-825,Capillary
J-826,Tcell
J-827,AirwayEpithelial
J-830,AirwayEpithelial
J-831,Tcell
J-834,BronchoFibroblast
J-835,Pericyte
J-838,Capillary
J-839,BronchoFibroblast
J-840,Tcell
J-841,SMC
J-842,AirwayEpithelial
J-843,Capillary
J-844,AirwayEpithelial
J-845,AirwayEpithelial
J-846,AirwayEpithelial
J-847,Tcell
J-848,AirwayEpithelial
J-849,AirwayEpithelial
J-850,AirwayEpithelial
J-851,AirwayEpithelial
J-852,AirwayEpithelial
J-853,Capillary
J-854,AirwayEpithelial
J-855,AirwayEpithelial
J-856,MyoFB
J-857,AirwayEpithelial
J-858,Tcell
J-860,Capillary
J-861,Tcell
J-862,Tcell
J-864,Tcell
J-865,Capillary
J-866,BronchoFibroblast
J-867,MyoFB
J-868,AirwayEpithelial
J-869,AirwayEpithelial
J-870,AirwayEpithelial
J-871,AirwayEpithelial
J-872,Tcell
J-873,AirwayEpithelial
J-874,AirwayEpithelial
J-875,AirwayEpithelial
J-876,InflamMac
J-877,Tcell
J-878,AirwayEpithelial
J-879,AirwayEpithelial
J-881,AlveolarFibroblast
J-882,SMC
J-883,Tcell
J-885,AirwayEpithelial
J-886,AirwayEpithelial
J-887,SMC
J-888,Capillary
J-889,AirwayEpithelial
J-890,AirwayEpithelial
J-891,InflamMac
J-893,AirwayEpithelial
J-894,AirwayEpithelial
J-895,Tcell
J-896,Tcell
J-897,AirwayEpithelial
J-898,AirwayEpithelial
J-899,BronchoFibroblast
J-900,AirwayEpithelial
J-901,AirwayEpithelial
J-902,MyoFB
J-903,SMC
J-904,AirwayEpithelial
J-905,Tcell
J-906,SMC
J-907,AirwayEpithelial
J-908,AirwayEpithelial
J-910,AirwayEpithelial
J-911,Capillary
J-912,AirwayEpithelial
J-913,SMC
J-914,MyoFB
J-916,AirwayEpithelial
J-918,AirwayEpithelial
J-920,AirwayEpithelial
J-921,Tcell
J-922,AirwayEpithelial
J-923,BronchoFibroblast
J-924,AlveolarFibroblast
J-925,BronchoFibroblast
J-926,AirwayEpithelial
J-927,SMC
J-928,AirwayEpithelial
J-929,AirwayEpithelial
J-930,AirwayEpithelial
J-931,AirwayEpithelial
J-932,Tcell
J-933,Tcell
J-934,Tcell
J-935,Tcell
J-936,Tcell
J-937,AirwayEpithelial
J-938,AirwayEpithelial
J-939,AirwayEpithelial
J-940,AirwayEpithelial
J-941,AirwayEpithelial
J-942,AirwayEpithelial
J-943,Capillary
J-944,AirwayEpithelial
J-946,AirwayEpithelial
J-947,Capillary
J-948,BronchoFibroblast
J-951,AirwayEpithelial
J-952,AirwayEpithelial
J-954,AirwayEpithelial
J-955,AirwayEpithelial
J-956,Tcell
J-958,SMC
J-959,AirwayEpithelial
J-961,AirwayEpithelial
J-962,Tcell
J-963,AirwayEpithelial
J-964,AirwayEpithelial
J-965,AirwayEpithelial
J-966,Tcell
J-967,SMC
J-968,AirwayEpithelial
J-969,Tcell
J-971,AirwayEpithelial
J-973,AirwayEpithelial
J-975,AlveolarMac
J-976,Tcell
J-977,AirwayEpithelial
J-980,Tcell
J-981,AirwayEpithelial
J-982,AirwayEpithelial
J-983,Neutrophil
J-984,AirwayEpithelial
J-985,Tcell
J-986,AirwayEpithelial
J-989,AirwayEpithelial
J-990,AT2
J-992,AirwayEpithelial
J-993,Tcell
J-995,Vein
J-996,Tcell
J-998,Tcell
J-999,Artery
J-1000,Tcell
J-1001,Tcell
J-1003,AirwayEpithelial
J-1004,Capillary
J-1006,Tcell
J-1010,AirwayEpithelial
J-1011,AirwayEpithelial
J-1012,AirwayEpithelial
J-1015,BronchoFibroblast
J-1016,AirwayEpithelial
J-1017,Capillary
J-1018,SMC
J-1019,SMC
J-1021,AirwayEpithelial
J-1022,AirwayEpithelial
J-1024,AirwayEpithelial
J-1025,Tcell
J-1027,AirwayEpithelial
J-1029,AirwayEpithelial
J-1031,AlveolarFibroblast
J-1032,SMC
J-1033,AirwayEpithelial
J-1034,AirwayEpithelial
J-1035,SMC
J-1036,Tcell
J-1037,Tcell
J-1038,AirwayEpithelial
J-1039,AirwayEpithelial
J-1044,AirwayEpithelial
J-1045,AirwayEpithelial
J-1046,AirwayEpithelial
J-1047,Tcell
J-1048,SMC
J-1050,AirwayEpithelial
J-1051,AirwayEpithelial
J-1052,Tcell
J-1054,AirwayEpithelial
J-1055,SMC
J-1056,AirwayEpithelial
J-1058,Tcell
J-1059,Tcell
J-1060,AirwayEpithelial
J-1062,Tcell
J-1063,AirwayEpithelial
J-1064,AirwayEpithelial
J-1065,Tcell
J-1067,Capillary
J-1068,Tcell
J-1072,AirwayEpithelial
J-1073,Tcell
J-1074,AirwayEpithelial
J-1075,Tcell
J-1077,AirwayEpithelial
J-1078,AirwayEpithelial
J-1080,BronchoFibroblast
J-1083,MyoFB
J-1085,AirwayEpithelial
J-1087,AirwayEpithelial
J-1088,Capillary
J-1091,AirwayEpithelial
J-1092,AirwayEpithelial
J-1093,BronchoFibroblast
J-1094,AirwayEpithelial
J-1095,AirwayEpithelial
J-1096,AirwayEpithelial
J-1098,AirwayEpithelial
J-1101,Tcell
J-1102,Tcell
J-1103,AirwayEpithelial
J-1104,Tcell
J-1105,AirwayEpithelial
J-1106,Tcell
J-1107,AirwayEpithelial
J-1108,Capillary
J-1109,Tcell
J-1111,AT1
J-1112,BronchoFibroblast
J-1113,AirwayEpithelial
J-1116,Tcell
J-1117,AirwayEpithelial
J-1118,Capillary
J-1119,Capillary
J-1121,AirwayEpithelial
J-1122,AirwayEpithelial
J-1123,AirwayEpithelial
J-1124,Tcell
J-1125,Tcell
J-1126,AirwayEpithelial
J-1128,SMC
J-1129,AirwayEpithelial
J-1130,AirwayEpithelial
J-1132,AirwayEpithelial
J-1133,Tcell
J-1134,Capillary
J-1135,Tcell
J-1136,AirwayEpithelial
J-1137,Tcell
J-1138,SMC
J-1139,Tcell
J-1140,Tcell
J-1141,AirwayEpithelial
J-1145,AirwayEpithelial
J-1147,AirwayEpithelial
J-1148,Capillary
J-1149,Tcell
J-1151,Pericyte
J-1154,AirwayEpithelial
J-1155,Capillary
J-1157,AirwayEpithelial
J-1159,AirwayEpithelial
J-1161,Tcell
J-1162,AirwayEpithelial
J-1164,AirwayEpithelial
J-1165,AirwayEpithelial
J-1166,SMC
J-1167,AirwayEpithelial
J-1174,AirwayEpithelial
J-1177,AlveolarFibroblast
J-1181,Bcell
J-1182,Tcell
J-1189,AirwayEpithelial
J-1190,AirwayEpithelial
J-1192,Capillary
J-1197,Tcell
J-1198,BronchoFibroblast
J-1199,Tcell
J-1201,Tcell
J-1203,AirwayEpithelial
J-1204,AlveolarFibroblast
J-1205,Tcell
J-1206,AirwayEpithelial
J-1207,Bcell
J-1208,SMC
J-1210,Capillary
J-1211,AirwayEpithelial
J-1212,BronchoFibroblast
J-1214,AlveolarFibroblast
J-1217,Tcell
J-1218,Capillary
J-1219,SMC
J-1221,Capillary
J-1222,AirwayEpithelial
J-1223,SMC
J-1224,SMC
J-1226,SMC
J-1227,AirwayEpithelial
J-1228,Capillary
J-1229,AirwayEpithelial
J-1230,MyoFB
J-1231,AlveolarFibroblast
J-1232,BronchoFibroblast
J-1233,PatrolMac
J-1234,Tcell
J-1235,SMC
J-1236,SMC
J-1237,Tcell
J-1238,Capillary
J-1240,Tcell
J-1241,Tcell
J-1242,AirwayEpithelial
J-1243,Capillary
J-1244,MyoFB
J-1246,SMC
J-1247,Tcell
J-1248,Tcell
J-1249,SMC
J-1250,Capillary
J-1251,SMC
J-1252,Capillary
J-1254,Bcell
J-1255,Tcell
J-1256,Bcell
J-1257,Tcell
J-1258,AirwayEpithelial
J-1259,BronchoFibroblast
J-1261,Capillary
J-1262,Tcell
J-1263,Capillary
J-1264,AirwayEpithelial
J-1266,Tcell
J-1267,Tcell
J-1268,AirwayEpithelial
J-1269,SMC
J-1270,AT2
J-1271,Tcell
J-1272,Capillary
J-1273,AirwayEpithelial
J-1274,AirwayEpithelial
J-1276,AT2
J-1277,SMC
J-1279,InflamMac
J-1281,Tcell
J-1282,Capillary
J-1283,AirwayEpithelial
J-1284,Capillary
J-1285,Capillary
J-1286,BronchoFibroblast
J-1287,MyoFB
J-1288,Tcell
J-1290,AirwayEpithelial
J-1292,Capillary
J-1293,MyoFB
J-1295,AirwayEpithelial
J-1296,Tcell
J-1298,Tcell
J-1299,Neutrophil
J-1300,Neutrophil
J-1301,SMC
J-1302,SMC
J-1303,PatrolMac
J-1305,Capillary
J-1306,Tcell
J-1307,Tcell
J-1310,AirwayEpithelial
J-1311,Tcell
J-1312,Tcell
J-1313,AirwayEpithelial
J-1314,SMC
J-1315,AirwayEpithelial
J-1316,SMC
J-1317,Capillary
J-1318,Tcell
J-1320,AirwayEpithelial
J-1321,Capillary
J-1322,Tcell
J-1324,Capillary
J-1326,SMC
J-1327,Tcell
J-1328,AirwayEpithelial
J-1329,Capillary
J-1330,BronchoFibroblast
J-1331,AirwayEpithelial
J-1332,Bcell
J-1333,Tcell
J-1334,AirwayEpithelial
J-1335,AirwayEpithelial
J-1336,AirwayEpithelial
J-1337,AirwayEpithelial
J-1339,Capillary
J-1340,AirwayEpithelial
J-1341,AirwayEpithelial
J-1342,Tcell
J-1343,AirwayEpithelial
J-1344,AirwayEpithelial
J-1345,Tcell
J-1346,Capillary
J-1347,AirwayEpithelial
J-1348,Tcell
J-1349,Tcell
J-1350,Capillary
J-1352,SMC
J-1353,SMC
J-1354,AirwayEpithelial
J-1355,Tcell
J-1356,Tcell
J-1358,AirwayEpithelial
J-1359,AlveolarFibroblast
J-1361,AirwayEpithelial
J-1362,AlveolarFibroblast
J-1363,AirwayEpithelial
J-1364,SMC
J-1365,Tcell
J-1366,Tcell
J-1367,SMC
J-1368,SMC
J-1369,Tcell
J-1370,Tcell
J-1371,Capillary
J-1372,AirwayEpithelial
J-1373,AirwayEpithelial
J-1374,Tcell
J-1375,AlveolarFibroblast
J-1376,InterstitialMac
J-1378,SMC
J-1379,AirwayEpithelial
J-1381,BronchoFibroblast
J-1382,AirwayEpithelial
J-1383,Tcell
J-1384,AirwayEpithelial
J-1385,Tcell
J-1386,AirwayEpithelial
J-1387,AirwayEpithelial
J-1388,SMC
J-1389,Capillary
J-1390,SMC
J-1391,SMC
J-1392,Capillary
J-1393,AirwayEpithelial
J-1394,Tcell
J-1395,AirwayEpithelial
J-1396,Capillary
J-1397,AirwayEpithelial
J-1399,AirwayEpithelial
J-1400,Capillary
J-1401,AirwayEpithelial
J-1402,AirwayEpithelial
J-1403,AirwayEpithelial
J-1404,AirwayEpithelial
J-1406,Tcell
J-1409,SMC
J-1410,AirwayEpithelial
J-1411,AlveolarFibroblast
J-1412,AirwayEpithelial
J-1413,Tcell
J-1414,Tcell
J-1416,Tcell
J-1417,SMC
J-1418,AirwayEpithelial
J-1419,Tcell
J-1420,AirwayEpithelial
J-1421,AirwayEpithelial
J-1422,AirwayEpithelial
J-1423,Artery
J-1424,Tcell
J-1425,AirwayEpithelial
J-1427,Tcell
J-1429,AirwayEpithelial
J-1430,AirwayEpithelial
J-1432,AirwayEpithelial
J-1434,AirwayEpithelial
J-1437,AirwayEpithelial
J-1439,Tcell
J-1440,AirwayEpithelial
J-1441,AirwayEpithelial
J-1443,AirwayEpithelial
J-1444,Capillary
J-1445,PatrolMac
J-1446,AlveolarFibroblast
J-1448,SMC
J-1452,AirwayEpithelial
J-1454,AirwayEpithelial
J-1455,Tcell
J-1458,SMC
J-1459,Tcell
J-1461,Capillary
J-1462,MyoFB
J-1464,AlveolarFibroblast
J-1467,AirwayEpithelial
J-1468,Capillary
J-1470,Tcell
J-1471,Capillary
J-1475,Tcell
J-1476,AirwayEpithelial
J-1484,AirwayEpithelial
J-1487,Capillary
J-1488,Artery
J-1490,Artery
J-1491,Pericyte
J-1492,MyoFB
J-1493,AT1
J-1494,Artery
J-1496,Pericyte
J-1497,Artery
J-1498,Pericyte
J-1500,Capillary
J-1501,perivascularDC
J-1502,AT1
J-1503,Artery
J-1504,Pericyte
J-1505,Bcell
J-1506,Bcell
J-1508,AT2
J-1509,Vein
J-1511,Bcell
J-1513,Vein
J-1514,Capillary
J-1516,AT1
J-1517,Pericyte
J-1518,MyoFB
J-1519,AT2
J-1520,AlveolarFibroblast
J-1521,Pericyte
J-1522,Vein
J-1524,mucosalDC
J-1527,AT2
J-1529,AT1
J-1531,Artery
J-1532,AirwayEpithelial
J-1534,Artery
J-1535,Bcell
J-1537,Pericyte
J-1538,Artery
J-1539,AT2
J-1542,BronchoFibroblast
J-1543,Pericyte
J-1546,InterstitialMac
J-1547,AirwayEpithelial
J-1549,AirwayEpithelial
J-1550,mucosalDC
J-1551,Artery
J-1553,Pericyte
J-1557,AlveolarFibroblast
J-1558,AT2
J-1559,Pericyte
J-1560,InflamMac
J-1561,AirwayEpithelial
J-1562,SMC
J-1563,Artery
J-1565,Vein
J-1566,AT1
J-1567,AlveolarFibroblast
J-1568,AT2
J-1572,AlveolarMac
J-1574,Vein
J-1575,Vein
J-1577,PatrolMac
J-1579,Vein
J-1580,Capillary
J-1581,AT2
J-1589,Artery
J-1590,Artery
J-1593,Vein
J-1598,MyoFB
J-1601,Pericyte
J-1603,AT2
J-1604,Artery
J-1609,AirwayEpithelial
J-1610,Pericyte
J-1611,Artery
J-1612,Vein
J-1613,AT2
J-1614,AirwayEpithelial
J-1616,InterstitialMac
J-1620,AT1
J-1623,PatrolMac
J-1627,MyoFB
J-1629,Pericyte
J-1632,Vein
J-1634,Capillary
J-1636,Bcell
J-1639,Artery
J-1640,AT1
J-1642,BronchoFibroblast
J-1644,InflamMac
J-1646,InterstitialMac
J-1648,Artery
J-1651,AT1
J-1652,AT1
J-1655,Pericyte
J-1657,PatrolMac
J-1662,Artery
J-1663,pDC
J-1665,AT1
J-1666,Bcell
J-1669,AT1
J-1672,Tcell
J-1673,AlveolarFibroblast
J-1674,pDC
J-1675,Artery
J-1677,AT1
J-1681,Capillary
J-1685,MyoFB
J-1686,SMC
J-1688,AT1
J-1690,InterstitialMac
J-1691,Bcell
J-1695,AT2
J-1697,Artery
J-1699,InflamMac
J-1701,InflamMac
J-1702,Tcell
J-1706,AT1
J-1707,Pericyte
J-1708,PatrolMac
J-1711,BronchoFibroblast
J-1712,SMC
J-1713,Pericyte
J-1717,AT2
J-1719,AirwayEpithelial
J-1720,Artery
J-1721,InflamMac
J-1722,Vein
J-1723,Vein
J-1724,AlveolarFibroblast
J-1726,AT1
J-1727,Artery
J-1728,MyoFB
J-1730,AT2
J-1733,AT1
J-1736,AT1
J-1737,Vein
J-1738,AirwayEpithelial
J-1740,Pericyte
J-1744,AT1
J-1747,AT2
J-1749,Pericyte
J-1751,MyoFB
J-1753,Pericyte
J-1762,Bcell
J-1764,InflamMac
J-1765,AT2
J-1767,Vein
J-1768,AT1
J-1769,SMC
J-1772,AT1
J-1775,Artery
J-1780,PatrolMac
J-1781,Artery
J-1782,AT2
J-1785,Artery
J-1788,Vein
J-1794,Artery
J-1796,Capillary
J-1797,Pericyte
J-1798,Capillary
J-1800,Tcell
J-1802,Pericyte
J-1804,Vein
J-1806,MyoFB
J-1810,BronchoFibroblast
J-1814,BronchoFibroblast
J-1818,AT2
J-1819,Artery
J-1823,Neutrophil
J-1827,MyoFB
J-1833,AT2
J-1834,AT2
J-1836,MyoFB
J-1838,Artery
J-1839,AT1
J-1849,AT1
J-1851,AlveolarFibroblast
J-1856,MyoFB
J-1859,AirwayEpithelial
J-1864,Pericyte
J-1865,Artery
J-1868,AlveolarFibroblast
J-1869,AT1
J-1875,AT2
J-1878,Artery
J-1900,Artery
J-1901,perivascularDC
J-1904,PatrolMac
J-1905,AirwayEpithelial
J-1906,Bcell
J-1908,Artery
J-1912,Neutrophil
J-1914,InterstitialMac
J-1916,SMC
J-1917,Vein
J-1918,AT1
J-1920,Pericyte
J-1921,Artery
J-1922,PatrolMac
J-1923,Pericyte
J-1924,Vein
J-1925,Pericyte
J-1926,Artery
J-1927,Artery
J-1928,Vein
J-1929,PatrolMac
J-1930,InterstitialMac
J-1931,AT2
J-1936,perivascularDC
J-1939,perivascularDC
J-1940,AlveolarFibroblast
J-1943,AT2
J-1945,AlveolarMac
J-1946,AT1
J-1947,AT2
J-1948,AT2
J-1949,Capillary
J-1950,Artery
J-1951,Artery
J-1953,PatrolMac
J-1955,SMC
J-1957,AlveolarFibroblast
J-1959,InterstitialMac
J-1960,Vein
J-1962,InterstitialMac
J-1963,Vein
J-1964,Pericyte
J-1965,Artery
J-1966,perivascularDC
J-1967,AT1
J-1971,BronchoFibroblast
J-1972,Artery
J-1974,Capillary
J-1976,Artery
J-1977,InflamMac
J-1978,AT2
J-1979,Vein
J-1980,Capillary
J-1981,Pericyte
J-1983,Artery
J-1985,Bcell
J-1986,Pericyte
J-1988,Pericyte
J-1990,AT2
J-1991,Capillary
J-1993,AT1
J-1994,Tcell
J-1995,Bcell
J-1997,Pericyte
J-1998,Pericyte
J-2000,AT1
J-2002,Artery
J-2004,AT2
J-2006,Artery
J-2009,Vein
J-2012,Pericyte
J-2015,PatrolMac
J-2016,perivascularDC
J-2018,MyoFB
J-2019,AT2
J-2020,Vein
J-2021,AT2
J-2022,AT1
J-2023,Pericyte
J-2024,AlveolarMac
J-2025,AlveolarMac
J-2026,AT2
J-2029,Pericyte
J-2030,AT2
J-2043,AlveolarFibroblast
J-2044,Artery
J-2046,Pericyte
J-2050,Pericyte
J-2051,Pericyte
J-2053,AlveolarFibroblast
J-2054,MyoFB
J-2056,Artery
J-2057,Artery
J-2060,mucosalDC
J-2061,Artery
J-2062,Vein
J-2063,AlveolarMac
J-2064,SMC
J-2066,Capillary
J-2067,Pericyte
J-2068,Pericyte
J-2069,Vein
J-2070,perivascularDC
J-2074,Artery
J-2075,SMC
J-2077,Vein
J-2078,Bcell
J-2079,AirwayEpithelial
J-2080,pDC
J-2081,Artery
J-2082,InflamMac
J-2083,Vein
J-2084,Bcell
J-2086,Artery
J-2087,Vein
J-2088,PatrolMac
J-2090,Pericyte
J-2092,AT1
J-2094,Pericyte
J-2095,Artery
J-2097,Pericyte
J-2098,SMC
J-2099,mucosalDC
J-2100,Pericyte
J-2104,Pericyte
J-2106,AT1
J-2108,Pericyte
J-2111,Bcell
J-2113,AlveolarFibroblast
J-2114,Pericyte
J-2119,Capillary
J-2120,AlveolarFibroblast
J-2123,Artery
J-2125,AlveolarFibroblast
J-2126,Vein
J-2128,BronchoFibroblast
J-2130,AT2
J-2131,Bcell
J-2132,Capillary
J-2135,Pericyte
J-2136,SMC
J-2137,Artery
J-2138,AT1
J-2141,Capillary
J-2143,Pericyte
J-2146,Capillary
J-2147,Artery
J-2148,Capillary
J-2150,InflamMac
J-2151,Pericyte
J-2153,AT2
J-2154,MyoFB
J-2155,Artery
J-2157,AT1
J-2160,AlveolarFibroblast
J-2161,Pericyte
J-2162,PatrolMac
J-2163,AT1
J-2164,AT1
J-2165,Pericyte
J-2166,AT2
J-2169,Artery
J-2170,AT2
J-2171,Artery
J-2177,Artery
J-2178,SMC
J-2180,AlveolarFibroblast
J-2181,InterstitialMac
J-2183,InflamMac
J-2184,MyoFB
J-2185,Artery
J-2186,MyoFB
J-2188,AT1
J-2191,Bcell
J-2192,Artery
J-2193,Capillary
J-2195,SMC
J-2196,Artery
J-2197,Pericyte
J-2198,SMC
J-2200,Vein
J-2201,AlveolarFibroblast
J-2203,perivascularDC
J-2206,perivascularDC
J-2208,BronchoFibroblast
J-2211,InflamMac
J-2212,AT1
J-2213,Pericyte
J-2214,Bcell
J-2215,Pericyte
J-2216,Artery
J-2220,Artery
J-2222,Artery
J-2225,AT1
J-2226,MyoFB
J-2228,InflamMac
J-2229,perivascularDC
J-2230,MyoFB
J-2232,Vein
J-2234,Artery
J-2238,MyoFB
J-2239,AT2
J-2240,Bcell
J-2242,AT2
J-2243,Vein
J-2244,MyoFB
J-2246,Pericyte
J-2247,Artery
J-2248,Vein
J-2249,mucosalDC
J-2250,Artery
J-2251,PatrolMac
J-2252,Artery
J-2254,MyoFB
J-2256,Pericyte
J-2257,SMC
J-2258,Vein
J-2263,mucosalDC
J-2264,Tcell
J-2268,AlveolarMac
J-2270,Artery
J-2271,AT1
J-2275,Artery
J-2278,Artery
J-2280,Vein
J-2282,AlveolarMac
J-2285,SMC
J-2286,AT1
J-2288,Artery
J-2289,Artery
J-2291,SMC
J-2295,MyoFB
J-2300,AT2
J-2303,Vein
J-2304,Vein
J-2305,Artery
J-2309,AT2
J-2311,AlveolarMac
J-2312,Vein
J-2319,Pericyte
J-2321,Artery
J-2324,Vein
J-2325,AlveolarFibroblast
J-2328,Vein
J-2331,Artery
J-2332,Artery
J-2333,AT1
J-2334,MyoFB
J-2337,Bcell
J-2338,PatrolMac
J-2340,Artery
J-2344,BronchoFibroblast
J-2345,Artery
J-2346,Vein
J-2349,Pericyte
J-2350,Capillary
J-2351,Artery
J-2352,Artery
J-2353,BronchoFibroblast
J-2354,PatrolMac
J-2356,PatrolMac
J-2357,AT2
J-2358,AT1
J-2359,AT2
J-2360,AT2
J-2362,Artery
J-2363,AlveolarFibroblast
J-2364,AlveolarMac
J-2369,PatrolMac
J-2371,Pericyte
J-2372,Bcell
J-2373,Artery
J-2374,Vein
J-2375,Pericyte
J-2376,Artery
J-2377,MyoFB
J-2378,Bcell
J-2379,BronchoFibroblast
J-2380,AirwayEpithelial
J-2381,AlveolarFibroblast
J-2382,Pericyte
J-2384,Artery
J-2385,Artery
J-2386,AT2
J-2387,Artery
J-2388,AlveolarFibroblast
J-2389,AlveolarMac
J-2390,Artery
J-2392,Vein
J-2395,Pericyte
J-2396,Pericyte
J-2397,Pericyte
J-2398,Artery
J-2399,Capillary
J-2400,AirwayEpithelial
J-2401,PatrolMac
J-2402,PatrolMac
J-2403,BronchoFibroblast
J-2404,Pericyte
J-2405,BronchoFibroblast
J-2406,Neutrophil
J-2407,AT1
J-2409,mucosalDC
J-2411,Pericyte
J-2412,Vein
J-2413,AT1
J-2414,Neutrophil
J-2417,Vein
J-2420,Pericyte
J-2423,Vein
J-2424,AT1
J-2425,Pericyte
J-2427,BronchoFibroblast
J-2428,AT1
J-2429,Pericyte
J-2430,Capillary
J-2433,Pericyte
J-2434,SMC
J-2436,AirwayEpithelial
J-2439,AT2
J-2441,PatrolMac
J-2443,InflamMac
J-2445,mucosalDC
J-2446,Pericyte
J-2448,Tcell
J-2450,Pericyte
J-2451,AlveolarMac
J-2452,Artery
J-2454,AlveolarFibroblast
J-2458,Artery
J-2459,Artery
J-2461,Bcell
J-2463,Pericyte
J-2467,BronchoFibroblast
J-2468,Capillary
J-2469,AT2
J-2472,Pericyte
J-2473,AlveolarFibroblast
J-2474,AT2
J-2475,Artery
J-2476,PatrolMac
J-2477,Bcell
J-2478,Vein
J-2479,Vein
J-2482,perivascularDC
J-2483,Pericyte
J-2484,InflamMac
J-2485,Pericyte
J-2486,Vein
J-2487,AT2
J-2488,Artery
J-2489,InflamMac
J-2490,Artery
J-2491,PatrolMac
J-2492,Artery
J-2493,AT1
J-2494,AlveolarMac
J-2496,PatrolMac
J-2498,Artery
J-2500,AT2
J-2501,AirwayEpithelial
J-2502,BronchoFibroblast
J-2503,Bcell
J-2504,Vein
J-2506,InterstitialMac
J-2509,AlveolarFibroblast
J-2510,AT2
J-2512,Bcell
J-2513,BronchoFibroblast
J-2514,Artery
J-2515,Pericyte
J-2516,AT2
J-2517,Artery
J-2518,AT1
J-2519,AT2
J-2520,perivascularDC
J-2522,AT2
J-2523,AirwayEpithelial
J-2525,Tcell
J-2526,Pericyte
J-2529,Pericyte
J-2530,Artery
J-2531,AlveolarFibroblast
J-2532,Artery
J-2533,AlveolarFibroblast
J-2534,Pericyte
J-2536,mucosalDC
J-2537,AT2
J-2538,Vein
J-2539,Bcell
J-2540,Vein
J-2541,PatrolMac
J-2542,mucosalDC
J-2543,Tcell
J-2544,AlveolarMac
J-2545,Pericyte
J-2547,PatrolMac
J-2548,Vein
J-2549,MyoFB
J-2550,Artery
J-2552,Bcell
J-2553,Capillary
J-2555,Artery
J-2556,Neutrophil
J-2559,AT2
J-2560,AlveolarFibroblast
J-2562,Tcell
J-2563,AT2
J-2564,pDC
J-2565,InflamMac
J-2566,AT2
J-2569,Vein
J-2570,AlveolarMac
J-2572,perivascularDC
J-2573,AT2
J-2574,AT1
J-2575,AT1
J-2577,Bcell
J-2578,Vein
J-2579,PatrolMac
J-2581,perivascularDC
J-2584,Vein
J-2585,AT2
J-2589,PatrolMac
J-2590,AT1
J-2592,Capillary
J-2593,Vein
J-2594,AlveolarMac
J-2595,Artery
J-2597,Artery
J-2599,AlveolarFibroblast
J-2601,Pericyte
J-2602,AT1
J-2603,AlveolarMac
J-2604,Capillary
J-2607,Bcell
J-2608,Pericyte
J-2609,AT2
J-2611,perivascularDC
J-2612,MyoFB
J-2613,perivascularDC
J-2617,AT1
J-2618,Artery
J-2619,AlveolarFibroblast
J-2620,Pericyte
J-2621,AlveolarMac
J-2623,Capillary
J-2626,PatrolMac
J-2627,Vein
J-2628,Artery
J-2631,Vein
J-2632,AT2
J-2633,pDC
J-2638,Capillary
J-2639,AlveolarFibroblast
J-2641,Artery
J-2643,AirwayEpithelial
J-2647,PatrolMac
J-2648,AT1
J-2649,Vein
J-2650,AlveolarFibroblast
J-2652,AT1
J-2654,Capillary
J-2657,Vein
J-2659,AlveolarMac
J-2661,Bcell
J-2665,InterstitialMac
J-2666,AirwayEpithelial
J-2667,PatrolMac
J-2669,PatrolMac
J-2670,Capillary
J-2675,Artery
J-2678,pDC
J-2680,Vein
J-2681,InflamMac
J-2682,Vein
J-2687,InterstitialMac
J-2689,perivascularDC
J-2690,Pericyte
J-2691,Capillary
J-2692,Capillary
J-2696,Artery
J-2699,Pericyte
J-2701,Artery
J-2705,Artery
J-2709,Artery
J-2712,Artery
J-2713,AT2
J-2714,Artery
J-2716,AT1
J-2717,Artery
J-2719,Pericyte
J-2720,AT2
J-2721,AT1
J-2723,AlveolarMac
J-2725,Artery
J-2726,Vein
J-2728,AlveolarMac
J-2730,Vein
J-2731,AlveolarMac
J-2732,perivascularDC
J-2733,Pericyte
J-2734,pDC
J-2735,InterstitialMac
J-2741,Artery
J-2743,Pericyte
J-2748,Capillary
J-2749,Pericyte
J-2750,Pericyte
J-2751,MyoFB
J-2753,MyoFB
J-2755,Artery
J-2757,Vein
J-2759,AlveolarFibroblast
J-2760,AT2
J-2761,AT1
J-2762,AT1
J-2763,BronchoFibroblast
J-2764,InflamMac
J-2768,InflamMac
J-2769,AT2
J-2770,InterstitialMac
J-2771,AT1
J-2773,AT2
J-2774,MyoFB
J-2775,Pericyte
J-2776,Artery
J-2777,Pericyte
J-2778,AT2
J-2780,Pericyte
J-2783,Pericyte
J-2787,AT1
J-2788,Pericyte
J-2789,AT1
J-2791,InflamMac
J-2794,InterstitialMac
J-2795,AT1
J-2796,AT1
J-2799,Pericyte
J-2800,Bcell
J-2802,Vein
J-2805,SMC
J-2806,BronchoFibroblast
J-2808,PatrolMac
J-2809,AT2
J-2810,Vein
J-2811,AT2
J-2812,Artery
J-2813,Bcell
J-2815,Artery
J-2816,Vein
J-2817,InterstitialMac
J-2818,Tcell
J-2819,Artery
J-2827,AT2
J-2829,Pericyte
J-2830,MyoFB
J-2833,Tcell
J-2834,AlveolarMac
J-2835,BronchoFibroblast
J-2837,BronchoFibroblast
J-2841,Pericyte
J-2842,PatrolMac
J-2844,AT2
J-2845,Artery
J-2846,AT1
J-2847,AlveolarMac
J-2848,MyoFB
J-2850,Vein
J-2852,AT2
J-2854,AT1
J-2856,Pericyte
J-2857,mucosalDC
J-2859,InflamMac
J-2863,BronchoFibroblast
J-2865,AT1
J-2866,AT1
J-2867,BronchoFibroblast
J-2868,Capillary
J-2869,AT1
J-2872,Artery
J-2875,PatrolMac
J-2876,BronchoFibroblast
J-2877,InterstitialMac
J-2880,AT2
J-2881,Pericyte
J-2882,Pericyte
J-2883,Artery
J-2884,Capillary
J-2885,AT2
J-2888,Pericyte
J-2890,Pericyte
J-2894,Artery
J-2896,Bcell
J-2897,Vein
J-2899,MyoFB
J-2902,AlveolarFibroblast
J-2903,MyoFB
J-2904,PatrolMac
J-2908,Pericyte
J-2909,AT1
J-2910,Vein
J-2911,perivascularDC
J-2912,AT1
J-2913,InterstitialMac
J-2917,pDC
J-2918,Artery
J-2919,AT1
J-2924,AT2
J-2925,BronchoFibroblast
J-2926,AT2
J-2927,AT1
J-2929,Artery
J-2930,AT2
J-2931,SMC
J-2936,Tcell
J-2937,AlveolarFibroblast
J-2939,Artery
J-2940,AirwayEpithelial
J-2941,AirwayEpithelial
J-2942,AT2
J-2943,AT1
J-2944,Pericyte
J-2945,Artery
J-2946,Artery
J-2947,AT1
J-2948,AT1
J-2950,MyoFB
J-2951,Artery
J-2953,Bcell
J-2955,Pericyte
J-2956,BronchoFibroblast
J-2957,Vein
J-2959,Pericyte
J-2960,BronchoFibroblast
J-2965,Artery
J-2966,Pericyte
J-2967,AT1
J-2968,AT2
J-2969,Pericyte
J-2971,AlveolarFibroblast
J-2973,Capillary
J-2974,InterstitialMac
J-2975,InflamMac
J-2978,InflamMac
J-2979,InflamMac
J-2984,AT2
J-2985,AlveolarFibroblast
J-2988,AlveolarFibroblast
J-2989,MyoFB
J-2990,AT1
J-2992,Pericyte
J-2993,Pericyte
J-2994,MyoFB
J-2996,SMC
J-2997,AT2
J-2999,AT2
J-3000,InflamMac
J-3002,Pericyte
J-3003,BronchoFibroblast
J-3005,MyoFB
J-3006,MyoFB
J-3008,Bcell
J-3009,Tcell
J-3010,Vein
J-3014,Pericyte
J-3015,Pericyte
J-3017,AlveolarFibroblast
J-3021,AT2
J-3023,AirwayEpithelial
J-3024,Artery
J-3026,Artery
J-3027,AirwayEpithelial
J-3030,Pericyte
J-3031,AT1
J-3034,Capillary
J-3035,PatrolMac
J-3037,Vein
J-3040,AirwayEpithelial
J-3041,AT1
J-3042,MyoFB
J-3046,BronchoFibroblast
J-3047,PatrolMac
J-3053,AlveolarMac
J-3055,Pericyte
J-3058,AT2
J-3061,InflamMac
J-3064,Artery
J-3069,Pericyte
J-3073,AirwayEpithelial
J-3076,AlveolarFibroblast
J-3078,Pericyte
J-3082,BronchoFibroblast
J-3086,MyoFB
J-3087,AlveolarMac
J-3088,Pericyte
J-3089,AT2
J-3090,Artery
J-3092,AlveolarMac
J-3093,AlveolarFibroblast
J-3094,AlveolarMac
J-3095,AlveolarMac
J-3096,PatrolMac
J-3098,Neutrophil
J-3100,AT2
J-3101,Artery
J-3102,Artery
J-3103,InterstitialMac
J-3104,Vein
J-3106,Neutrophil
J-3108,AlveolarFibroblast
J-3110,Vein
J-3113,Artery
J-3114,Pericyte
J-3118,AlveolarMac
J-3119,Vein
J-3120,Artery
J-3123,AT1
J-3124,InflamMac
J-3128,AT1
J-3133,AlveolarMac
J-3134,InflamMac
J-3135,AlveolarFibroblast
J-3136,MyoFB
J-3137,MyoFB
J-3138,AT1
J-3139,Vein
J-3140,AT1
J-3142,AT2
J-3143,MyoFB
J-3144,Vein
J-3145,AT2
J-3148,Pericyte
J-3149,Vein
J-3150,Pericyte
J-3152,InflamMac
J-3153,SMC
J-3154,InterstitialMac
J-3155,Pericyte
J-3156,Pericyte
J-3158,InflamMac
J-3161,Neutrophil
J-3163,AlveolarFibroblast
J-3166,Vein
J-3167,Artery
J-3169,Artery
J-3173,InflamMac
J-3174,MyoFB
J-3176,MyoFB
J-3177,AT2
J-3178,Pericyte
J-3179,MyoFB
J-3182,AT1
J-3187,AlveolarFibroblast
J-3193,InterstitialMac
J-3194,MyoFB
J-3197,AT1
J-3199,Capillary
J-3202,AT2
J-3203,Pericyte
J-3204,AT1
J-3210,MyoFB
J-3211,MyoFB
J-3212,AT1
J-3213,perivascularDC
J-3214,AT1
J-3215,Artery
J-3216,AT1
J-3217,Artery
J-3218,MyoFB
J-3219,AT1
J-3221,Artery
J-3224,AlveolarFibroblast
J-3225,Artery
J-3227,Pericyte
J-3228,AlveolarFibroblast
J-3230,Pericyte
J-3232,Vein
J-3233,Vein
J-3234,Bcell
J-3237,MyoFB
J-3238,mucosalDC
J-3240,AT1
J-3241,AlveolarFibroblast
J-3242,Artery
J-3243,Bcell
J-3245,Vein
J-3246,AT1
J-3247,Artery
J-3249,InflamMac
J-3250,AT2
J-3251,AlveolarMac
J-3253,Pericyte
J-3254,InterstitialMac
J-3255,AlveolarFibroblast
J-3257,Pericyte
J-3260,Capillary
J-3261,AT2
J-3265,Bcell
J-3271,InterstitialMac
J-3272,Vein
J-3273,AT1
J-3275,AT1
J-3279,Vein
J-3286,Artery
J-3287,AT1
J-3291,AT1
J-3292,MyoFB
J-3293,Artery
J-3294,Artery
J-3296,AT2
J-3297,MyoFB
J-3298,Artery
J-3301,AT2
J-3303,MyoFB
J-3304,AT1
J-3305,Neutrophil
J-3306,MyoFB
J-3307,AT2
J-3308,AT2
J-3309,Capillary
J-3310,mucosalDC
J-3311,AlveolarMac
J-3312,AlveolarFibroblast
J-3320,AT2
J-3325,Artery
J-3328,MyoFB
J-3329,MyoFB
J-3334,Capillary
J-3336,Vein
J-3348,MyoFB
J-3349,Pericyte
J-3351,Pericyte
J-3353,AT2
J-3354,Artery
J-3364,pDC
J-3366,AlveolarFibroblast
J-3370,MyoFB
J-3375,Vein
J-3384,Vein
J-3385,Bcell
J-3386,BronchoFibroblast
J-3387,Pericyte
J-3388,Vein
J-3389,Bcell
J-3390,SMC
J-3391,Vein
J-3393,Artery
J-3394,Bcell
J-3395,InterstitialMac
J-3398,pDC
J-3399,Artery
J-3400,Pericyte
J-3402,Bcell
J-3404,SMC
J-3405,mucosalDC
J-3406,Artery
J-3407,SMC
J-3408,Vein
J-3409,AlveolarMac
J-3410,AT2
J-3411,AT2
J-3412,AlveolarFibroblast
J-3413,AlveolarMac
J-3414,InterstitialMac
J-3416,Capillary
J-3418,Artery
J-3419,perivascularDC
J-3420,perivascularDC
J-3421,AT2
J-3422,InflamMac
J-3423,Artery
J-3424,perivascularDC
J-3425,PatrolMac
J-3426,SMC
J-3427,pDC
J-3429,InterstitialMac
J-3430,Artery
J-3432,MyoFB
J-3433,AlveolarMac
J-3435,Tcell
J-3436,AlveolarFibroblast
J-3437,SMC
J-3438,Artery
J-3439,Artery
J-3440,Artery
J-3441,BronchoFibroblast
J-3442,Artery
J-3443,mucosalDC
J-3444,Pericyte
J-3445,InflamMac
J-3446,AT2
J-3447,InterstitialMac
J-3448,Bcell
J-3449,Vein
J-3453,InterstitialMac
J-3454,perivascularDC
J-3455,Neutrophil
J-3457,mucosalDC
J-3458,InterstitialMac
J-3459,AT1
J-3461,BronchoFibroblast
J-3467,AT2
J-3468,AT2
J-3469,SMC
J-3470,InflamMac
J-3471,Vein
J-3472,pDC
J-3473,Vein
J-3474,Vein
J-3476,Capillary
J-3477,AT2
J-3481,Vein
J-3482,PatrolMac
J-3483,Pericyte
J-3485,Vein
J-3488,Artery
J-3489,BronchoFibroblast
J-3490,AT2
J-3491,PatrolMac
J-3494,AT1
J-3495,AT1
J-3496,Artery
J-3498,InflamMac
J-3503,Pericyte
J-3504,InflamMac
J-3505,Pericyte
J-3506,InterstitialMac
J-3507,Pericyte
J-3508,Pericyte
J-3509,Pericyte
J-3510,perivascularDC
J-3513,MyoFB
J-3514,Bcell
J-3517,AT2
J-3520,MyoFB
J-3521,AlveolarMac
J-3522,Artery
J-3523,AT2
J-3526,AT1
J-3527,Neutrophil
J-3528,SMC
J-3531,Pericyte
J-3532,InterstitialMac
J-3533,Bcell
J-3534,Bcell
J-3535,InflamMac
J-3537,InterstitialMac
J-3538,perivascularDC
J-3540,Artery
J-3541,PatrolMac
J-3542,perivascularDC
J-3543,Artery
J-3544,mucosalDC
J-3545,Neutrophil
J-3546,PatrolMac
J-3547,Artery
J-3548,InflamMac
J-3550,Vein
J-3552,Pericyte
J-3553,Artery
J-3554,Capillary
J-3556,Pericyte
J-3557,Capillary
J-3560,Pericyte
J-3561,Pericyte
J-3562,PatrolMac
J-3564,Capillary
J-3565,AlveolarFibroblast
J-3566,SMC
J-3567,AlveolarMac
J-3568,Capillary
J-3569,Pericyte
J-3575,InflamMac
J-3577,MyoFB
J-3578,Neutrophil
J-3579,InterstitialMac
J-3581,SMC
J-3582,mucosalDC
J-3583,InflamMac
J-3585,perivascularDC
J-3586,InflamMac
J-3588,SMC
J-3590,SMC
J-3591,SMC
J-3592,AirwayEpithelial
J-3593,Neutrophil
J-3594,Artery
J-3595,Neutrophil
J-3596,InterstitialMac
J-3597,Pericyte
J-3598,Pericyte
J-3599,perivascularDC
J-3600,Neutrophil
J-3602,Vein
J-3603,AT1
J-3604,AlveolarMac
J-3605,perivascularDC
J-3606,SMC
J-3609,Neutrophil
J-3613,InflamMac
J-3614,perivascularDC
J-3615,Artery
J-3616,PatrolMac
J-3617,Pericyte
J-3620,AlveolarMac
J-3622,Pericyte
J-3623,Artery
J-3626,Neutrophil
J-3628,SMC
J-3630,Vein
J-3632,InflamMac
J-3633,Pericyte
J-3637,InterstitialMac
J-3638,Artery
J-3639,Pericyte
J-3640,Artery
J-3642,SMC
J-3643,SMC
J-3644,Artery
J-3645,Pericyte
J-3646,SMC
J-3648,Artery
J-3656,Artery
J-3658,AT1
J-3660,Pericyte
J-3661,Capillary
J-3662,Neutrophil
J-3663,InterstitialMac
J-3664,MyoFB
J-3666,pDC
J-3668,AT1
J-3669,MyoFB
J-3670,Pericyte
J-3671,InflamMac
J-3672,Pericyte
J-3673,perivascularDC
J-3676,InterstitialMac
J-3678,Artery
J-3679,AlveolarMac
J-3680,perivascularDC
J-3681,InflamMac
J-3682,Artery
J-3683,InflamMac
J-3688,AT1
J-3689,InflamMac
J-3691,AT2
J-3693,Pericyte
J-3695,Artery
J-3696,SMC
J-3697,PatrolMac
J-3700,MyoFB
J-3701,Artery
J-3705,mucosalDC
J-3707,Neutrophil
J-3708,PatrolMac
J-3710,Vein
J-3711,perivascularDC
J-3712,Artery
J-3713,AT1
J-3714,pDC
J-3716,AT2
J-3717,InterstitialMac
J-3719,InflamMac
J-3723,Artery
J-3725,AT2
J-3727,Artery
J-3729,Neutrophil
J-3732,Pericyte
J-3733,AlveolarMac
J-3734,InterstitialMac
J-3735,AlveolarMac
J-3738,Vein
J-3739,InterstitialMac
J-3741,Capillary
J-3742,Pericyte
J-3746,BronchoFibroblast
J-3749,PatrolMac
J-3750,perivascularDC
J-3752,InflamMac
J-3753,mucosalDC
J-3754,Pericyte
J-3755,Tcell
J-3756,InflamMac
J-3757,BronchoFibroblast
J-3758,Neutrophil
J-3759,Artery
J-3762,InterstitialMac
J-3764,AT2
J-3767,AirwayEpithelial
J-3772,BronchoFibroblast
J-3773,Vein
J-3774,Tcell
J-3776,SMC
J-3777,InterstitialMac
J-3780,InterstitialMac
J-3781,Vein
J-3782,InflamMac
J-3784,Vein
J-3786,InterstitialMac
J-3789,AirwayEpithelial
J-3791,InterstitialMac
J-3792,InflamMac
J-3795,Artery
J-3796,InflamMac
J-3798,Bcell
J-3800,Artery
J-3801,Artery
J-3802,perivascularDC
J-3803,Artery
J-3804,SMC
J-3805,perivascularDC
J-3806,InterstitialMac
J-3809,Vein
J-3810,PatrolMac
J-3813,InterstitialMac
J-3815,AT1
J-3818,perivascularDC
J-3819,SMC
J-3821,Bcell
J-3822,perivascularDC
J-3825,Vein
J-3826,AlveolarFibroblast
J-3827,AlveolarMac
J-3828,MyoFB
J-3829,InflamMac
J-3830,AlveolarFibroblast
J-3831,Vein
J-3833,Artery
J-3837,AlveolarMac
J-3839,Artery
J-3842,perivascularDC
J-3843,InterstitialMac
J-3847,BronchoFibroblast
J-3848,PatrolMac
J-3849,InterstitialMac
J-3852,Capillary
J-3853,Pericyte
J-3854,MyoFB
J-3856,BronchoFibroblast
J-3859,InflamMac
J-3860,InterstitialMac
J-3861,Pericyte
J-3862,perivascularDC
J-3863,AT1
J-3865,Vein
J-3866,Vein
J-3867,InterstitialMac
J-3868,AT1
J-3869,Vein
J-3870,InflamMac
J-3872,InflamMac
J-3874,SMC
J-3875,InflamMac
J-3879,SMC
J-3883,AlveolarFibroblast
J-3885,AlveolarMac
J-3886,Pericyte
J-3887,Artery
J-3890,pDC
J-3891,Pericyte
J-3892,Artery
J-3893,InterstitialMac
J-3894,Artery
J-3895,Neutrophil
J-3896,Pericyte
J-3897,Capillary
J-3898,PatrolMac
J-3899,Neutrophil
J-3900,Pericyte
J-3903,InflamMac
J-3904,AT1
J-3905,Artery
J-3908,InflamMac
J-3909,Artery
J-3911,AlveolarMac
J-3913,Artery
J-3914,Bcell
J-3918,InterstitialMac
J-3921,AT2
J-3922,AT2
J-3924,Pericyte
J-3926,AT1
J-3927,Artery
J-3928,Artery
J-3929,PatrolMac
J-3930,Capillary
J-3931,AT2
J-3934,MyoFB
J-3935,MyoFB
J-3936,InterstitialMac
J-3937,MyoFB
J-3940,Artery
J-3941,Neutrophil
J-3942,AT1
J-3943,Pericyte
J-3945,InterstitialMac
J-3946,MyoFB
J-3949,Vein
J-3951,Artery
J-3952,perivascularDC
J-3953,MyoFB
J-3954,PatrolMac
J-3955,Pericyte
J-3956,MyoFB
J-3957,Artery
J-3959,Neutrophil
J-3960,PatrolMac
J-3961,perivascularDC
J-3962,AT2
J-3965,Artery
J-3966,Pericyte
J-3968,InterstitialMac
J-3970,AlveolarMac
J-3973,Pericyte
J-3975,Artery
J-3976,Pericyte
J-3977,Vein
J-3978,Artery
J-3979,Neutrophil
J-3980,Capillary
J-3983,Artery
J-3984,PatrolMac
J-3985,Artery
J-3987,PatrolMac
J-3988,Artery
J-3989,perivascularDC
J-3990,Artery
J-3991,Vein
J-3992,Neutrophil
J-3993,Bcell
J-3994,Vein
J-3995,Capillary
J-3996,Neutrophil
J-3997,AT1
J-3998,BronchoFibroblast
J-3999,Artery
J-4002,Artery
J-4003,Artery
J-4005,AT1
J-4007,Vein
J-4013,Bcell
J-4014,Artery
J-4017,Pericyte
J-4018,perivascularDC
J-4019,AT1
J-4020,AT2
J-4021,PatrolMac
J-4022,AT2
J-4023,Tcell
J-4024,Artery
J-4025,PatrolMac
J-4026,Neutrophil
J-4027,AlveolarFibroblast
J-4029,Bcell
J-4030,Pericyte
J-4033,InflamMac
J-4036,AlveolarFibroblast
J-4037,Artery
J-4038,AlveolarFibroblast
J-4039,Pericyte
J-4040,PatrolMac
J-4041,Neutrophil
J-4042,AlveolarFibroblast
J-4044,BronchoFibroblast
J-4045,Capillary
J-4046,Vein
J-4047,Vein
J-4049,Artery
J-4052,perivascularDC
J-4054,AT2
J-4055,MyoFB
J-4056,AT1
J-4058,Artery
J-4060,AT1
J-4061,InterstitialMac
J-4062,InflamMac
J-4064,Pericyte
J-4065,AT2
J-4066,MyoFB
J-4067,Pericyte
J-4070,perivascularDC
J-4071,Pericyte
J-4072,Pericyte
J-4073,Bcell
J-4075,PatrolMac
J-4077,AT2
J-4078,InflamMac
J-4081,Bcell
J-4082,AlveolarFibroblast
J-4083,MyoFB
J-4085,Artery
J-4087,Pericyte
J-4088,AlveolarFibroblast
J-4091,Vein
J-4092,Artery
J-4093,PatrolMac
J-4096,Artery
J-4097,Artery
J-4099,Vein
J-4101,Pericyte
J-4103,Neutrophil
J-4106,Bcell
J-4108,Artery
J-4109,Artery
J-4110,AlveolarFibroblast
J-4111,Pericyte
J-4112,Artery
J-4113,Pericyte
J-4114,Bcell
J-4117,Pericyte
J-4121,Capillary
J-4122,Capillary
J-4125,Artery
J-4126,Pericyte
J-4127,Neutrophil
J-4130,Tcell
J-4132,AT2
J-4133,Artery
J-4134,PatrolMac
J-4136,Bcell
J-4137,AT2
J-4138,Artery
J-4139,Artery
J-4142,AlveolarFibroblast
J-4145,InflamMac
J-4146,Vein
J-4149,Neutrophil
J-4152,Artery
J-4156,MyoFB
J-4157,Vein
J-4162,Vein
J-4163,Pericyte
J-4164,PatrolMac
J-4167,Vein
J-4170,Capillary
J-4172,Artery
J-4173,Pericyte
J-4174,Vein
J-4178,AlveolarFibroblast
J-4179,Vein
J-4180,Neutrophil
J-4185,MyoFB
J-4186,Artery
J-4187,AT2
J-4189,AlveolarFibroblast
J-4195,Artery
J-4196,Vein
J-4197,PatrolMac
J-4206,Bcell
J-4208,Artery
J-4209,MyoFB
J-4210,Vein
J-4211,Artery
J-4212,Bcell
J-4213,Pericyte
J-4214,PatrolMac
J-4215,PatrolMac
J-4216,Vein
J-4217,Capillary
J-4218,Vein
J-4219,Pericyte
J-4220,Capillary
J-4221,Artery
J-4222,AlveolarMac
J-4224,Neutrophil
J-4225,AT2
J-4226,Artery
J-4227,Capillary
J-4228,Pericyte
J-4229,perivascularDC
J-4230,Vein
J-4231,InflamMac
J-4232,Artery
J-4234,Pericyte
J-4235,Artery
J-4236,Pericyte
J-4237,PatrolMac
J-4238,Pericyte
J-4239,Artery
J-4240,Vein
J-4241,Artery
J-4243,Pericyte
J-4244,Bcell
J-4245,Pericyte
J-4247,Vein
J-4248,AT1
J-4250,Pericyte
J-4251,Artery
J-4252,AT2
J-4253,Vein
J-4254,Artery
J-4256,Pericyte
J-4257,AlveolarFibroblast
J-4258,AT1
J-4259,Artery
J-4260,Artery
J-4261,Artery
J-4262,Pericyte
J-4263,Bcell
J-4265,Artery
J-4266,InterstitialMac
J-4269,SMC
J-4270,AlveolarFibroblast
J-4274,PatrolMac
J-4276,Bcell
J-4277,Vein
J-4279,PatrolMac
J-4280,Artery
J-4281,Artery
J-4282,AlveolarFibroblast
J-4283,Vein
J-4284,Vein
J-4285,Artery
J-4286,mucosalDC
J-4287,AT2
J-4288,Artery
J-4290,Pericyte
J-4292,AT2
J-4293,Pericyte
J-4295,AT1
J-4296,AT1
J-4297,Artery
J-4298,AT2
J-4299,Artery
J-4300,PatrolMac
J-4301,PatrolMac
J-4302,Pericyte
J-4303,AT1
J-4304,PatrolMac
J-4305,Pericyte
J-4306,AT1
J-4309,AlveolarFibroblast
J-4311,AT2
J-4312,Bcell
J-4314,Artery
J-4315,AlveolarFibroblast
J-4318,AT1
J-4319,AT1
J-4320,Artery
J-4321,AlveolarMac
J-4324,Vein
J-4325,AT1
J-4326,Artery
J-4327,Artery
J-4328,Artery
J-4330,Artery
J-4332,AT2
J-4333,Pericyte
J-4334,Artery
J-4336,AT1
J-4338,Artery
J-4341,AlveolarMac
J-4342,Neutrophil
J-4343,Vein
J-4345,Capillary
J-4346,pDC
J-4347,AlveolarMac
J-4348,AT2
J-4349,Artery
J-4351,AT1
J-4352,Pericyte
J-4354,Neutrophil
J-4355,Vein
J-4356,AT1
J-4357,Pericyte
J-4358,Vein
J-4359,AT1
J-4360,AT1
J-4361,Pericyte
J-4362,Vein
J-4364,AT1
J-4365,Pericyte
J-4368,AT1
J-4369,AT2
J-4370,Capillary
J-4371,Capillary
J-4372,AT1
J-4374,Neutrophil
J-4377,Neutrophil
J-4378,Capillary
J-4379,Pericyte
J-4380,Vein
J-4381,Pericyte
J-4382,Artery
J-4384,Vein
J-4385,MyoFB
J-4386,Artery
J-4387,Capillary
J-4388,Vein
J-4391,Vein
J-4395,AT2
J-4396,InflamMac
J-4398,AT1
J-4399,AT1
J-4400,Vein
J-4401,AT1
J-4402,Pericyte
J-4404,Capillary
J-4405,Pericyte
J-4406,AT1
J-4408,Vein
J-4409,Vein
J-4410,Artery
J-4411,InflamMac
J-4413,AlveolarFibroblast
J-4414,AT1
J-4415,PatrolMac
J-4419,Capillary
J-4420,Artery
J-4421,AT1
J-4422,PatrolMac
J-4423,Neutrophil
J-4425,AlveolarMac
J-4426,Neutrophil
J-4429,Pericyte
J-4430,InterstitialMac
J-4431,MyoFB
J-4434,Vein
J-4436,Artery
J-4437,mucosalDC
J-4439,AT1
J-4440,AT1
J-4441,Bcell
J-4443,Neutrophil
J-4445,AT1
J-4448,Vein
J-4449,Vein
J-4450,AT1
J-4451,Bcell
J-4452,AT2
J-4453,AT1
J-4455,Artery
J-4460,AT1
J-4465,Artery
J-4466,Artery
J-4467,AT1
J-4469,Artery
J-4470,Artery
J-4471,AT2
J-4473,Pericyte
J-4474,AT2
J-4478,AT1
J-4480,Bcell
J-4481,Vein
J-4482,Vein
J-4484,AT1
J-4486,AT1
J-4487,AT1
J-4488,Pericyte
J-4489,Vein
J-4492,AT1
J-4494,AT1
J-4496,AT2
J-4504,AlveolarMac
J-4505,Artery
J-4506,Artery
J-4507,Artery
J-4509,Vein
J-4510,PatrolMac
J-4511,Pericyte
J-4512,Artery
J-4513,AlveolarFibroblast
J-4514,AlveolarFibroblast
J-4515,mucosalDC
J-4516,Pericyte
J-4517,Artery
J-4518,Capillary
J-4519,Artery
J-4520,Capillary
J-4521,Pericyte
J-4523,Artery
J-4524,pDC
J-4526,Pericyte
J-4528,MyoFB
J-4530,Neutrophil
J-4531,Vein
J-4533,Artery
J-4534,AT2
J-4535,SMC
J-4537,AT1
J-4538,mucosalDC
J-4539,perivascularDC
J-4540,Vein
J-4541,AT1
J-4543,Pericyte
J-4544,Artery
J-4545,AT2
J-4546,Vein
J-4547,PatrolMac
J-4548,Capillary
J-4549,AT2
J-4551,AT1
J-4552,Pericyte
J-4553,Artery
J-4554,Pericyte
J-4556,Neutrophil
J-4557,Pericyte
J-4558,AT1
J-4561,AT1
J-4563,Pericyte
J-4565,Vein
J-4566,AlveolarFibroblast
J-4567,AT1
J-4568,AT2
J-4569,AlveolarMac
J-4570,Pericyte
J-4572,AlveolarMac
J-4574,Pericyte
J-4575,Pericyte
J-4576,Artery
J-4577,Pericyte
J-4578,PatrolMac
J-4579,AT2
J-4580,AT1
J-4583,InflamMac
J-4584,AT2
J-4585,AT1
J-4588,SMC
J-4589,Bcell
J-4590,AT2
J-4591,AT2
J-4592,Pericyte
J-4593,AT2
J-4594,AT1
J-4595,Pericyte
J-4596,InflamMac
J-4598,AlveolarMac
J-4599,perivascularDC
J-4600,Artery
J-4601,Pericyte
J-4602,AT1
J-4603,Pericyte
J-4604,AT1
J-4605,AT2
J-4606,Pericyte
J-4607,Pericyte
J-4608,AlveolarFibroblast
J-4610,AT1
J-4611,InflamMac
J-4612,Artery
J-4613,Artery
J-4614,Vein
J-4615,Capillary
J-4617,AT2
J-4618,AT2
J-4619,InterstitialMac
J-4620,AlveolarFibroblast
J-4621,Artery
J-4623,AT1
J-4624,AT2
J-4625,AT1
J-4626,AT1
J-4627,AT1
J-4628,AT1
J-4630,Pericyte
J-4632,InterstitialMac
J-4633,Artery
J-4634,Artery
J-4637,AT2
J-4639,AlveolarMac
J-4640,Vein
J-4641,pDC
J-4642,Tcell
J-4643,AT2
J-4644,AT1
J-4646,Artery
J-4647,InflamMac
J-4649,Artery
J-4652,Artery
J-4653,AT2
J-4655,AT1
J-4656,AT1
J-4657,Vein
J-4658,Bcell
J-4659,PatrolMac
J-4660,AT2
J-4661,InflamMac
J-4663,AT1
J-4664,AT1
J-4665,AlveolarFibroblast
J-4666,MyoFB
J-4667,Artery
J-4669,InterstitialMac
J-4670,Artery
J-4671,Artery
J-4672,Artery
J-4673,PatrolMac
J-4675,InterstitialMac
J-4676,InflamMac
J-4677,AT2
J-4678,Artery
J-4680,Capillary
J-4681,Pericyte
J-4682,Bcell
J-4683,Artery
J-4684,SMC
J-4685,Capillary
J-4687,Artery
J-4689,AT1
J-4690,Artery
J-4691,Vein
J-4692,Pericyte
J-4693,AT1
J-4694,Vein
J-4695,AT2
J-4696,Artery
J-4699,Capillary
J-4700,AT2
J-4702,PatrolMac
J-4703,Vein
J-4704,Artery
J-4705,AT2
J-4706,Pericyte
J-4707,AT1
J-4709,Capillary
J-4710,Pericyte
J-4711,InterstitialMac
J-4712,Artery
J-4713,Pericyte
J-4715,Bcell
J-4716,Bcell
J-4722,Pericyte
J-4723,Artery
J-4724,Pericyte
J-4726,Capillary
J-4727,InflamMac
J-4728,MyoFB
J-4729,Vein
J-4730,InflamMac
J-4731,AT1
J-4732,Pericyte
J-4733,AT2
J-4734,Artery
J-4735,AlveolarMac
J-4736,MyoFB
J-4737,MyoFB
J-4738,AT1
J-4739,Vein
J-4740,MyoFB
J-4742,Artery
J-4743,Tcell
J-4745,Artery
J-4746,MyoFB
J-4747,Tcell
J-4749,AT1
J-4752,InterstitialMac
J-4753,MyoFB
J-4754,MyoFB
J-4755,AT1
J-4756,Artery
J-4757,Vein
J-4759,AT1
J-4760,PatrolMac
J-4761,AT2
J-4762,Pericyte
J-4763,AT2
J-4764,Pericyte
J-4765,Artery
J-4768,Pericyte
J-4770,Artery
J-4772,Vein
J-4773,Vein
J-4774,Artery
J-4775,Artery
J-4776,Artery
J-4777,AT1
J-4778,Vein
J-4780,perivascularDC
J-4782,Artery
J-4783,AT1
J-4784,Bcell
J-4786,Artery
J-4787,MyoFB
J-4789,Pericyte
J-4790,AT1
J-4792,pDC
J-4793,Capillary
J-4795,InflamMac
J-4796,AT1
J-4797,Pericyte
J-4798,Capillary
J-4799,AlveolarFibroblast
J-4801,InflamMac
J-4802,Capillary
J-4803,Artery
J-4805,PatrolMac
J-4807,PatrolMac
J-4808,AT1
J-4809,Artery
J-4810,Pericyte
J-4813,Pericyte
J-4814,AT2
J-4815,AT1
J-4817,MyoFB
J-4818,InflamMac
J-4819,AT1
J-4820,Artery
J-4821,AT1
J-4822,AT2
J-4823,Vein
J-4824,AT1
J-4825,AT1
J-4828,AT2
J-4829,MyoFB
J-4830,perivascularDC
J-4831,AT2
J-4832,Vein
J-4834,AT1
J-4835,Artery
J-4836,AT1
J-4837,PatrolMac
J-4838,Artery
J-4839,Artery
J-4841,InflamMac
J-4842,Artery
J-4843,Vein
J-4844,AT1
J-4845,Pericyte
J-4846,Vein
J-4847,MyoFB
J-4848,AT1
J-4851,AlveolarFibroblast
J-4854,perivascularDC
J-4855,MyoFB
J-4856,PatrolMac
J-4858,SMC
J-4859,Vein
J-4860,Pericyte
J-4861,Capillary
J-4862,AlveolarFibroblast
J-4864,Artery
J-4866,Capillary
J-4867,AT1
J-4869,AT1
J-4871,AlveolarMac
J-4872,Artery
J-4874,SMC
J-4875,Vein
J-4876,Pericyte
J-4877,AT1
J-4879,InterstitialMac
J-4880,Capillary
J-4882,AT1
J-4883,AT1
J-4884,Artery
J-4887,AT1
J-4888,Capillary
J-4889,AlveolarFibroblast
J-4891,MyoFB
J-4892,Vein
J-4894,Artery
J-4895,AlveolarMac
J-4896,AT1
J-4897,Vein
J-4898,Pericyte
J-4899,AT1
J-4900,MyoFB
J-4903,AT1
J-4904,Artery
J-4905,AT1
J-4906,AT2
J-4907,InterstitialMac
J-4909,Capillary
J-4913,Artery
J-4916,Artery
J-4917,AirwayEpithelial
J-4919,AT1
J-4920,Vein
J-4921,MyoFB
J-4925,Vein
J-4927,Artery
J-4934,AT1
J-4935,PatrolMac
J-4936,Pericyte
J-4937,Artery
J-4938,AT2
J-4939,AT2
J-4940,PatrolMac
J-4942,InterstitialMac
J-4944,AT1
J-4946,Vein
J-4949,AT2
J-4951,Pericyte
J-4952,InflamMac
J-4954,Vein
J-4956,InterstitialMac
J-4957,Artery
J-4958,AT1
J-4959,Vein
J-4960,Vein
J-4961,MyoFB
J-4963,MyoFB
J-4964,AT1
J-4966,PatrolMac
J-4967,perivascularDC
J-4970,AT1
J-4972,AirwayEpithelial
J-4974,Tcell
J-4975,InflamMac
J-4976,PatrolMac
J-4977,AlveolarFibroblast
J-4978,SMC
J-4980,InterstitialMac
J-4984,AT1
J-4985,AT2
J-4986,Vein
J-4987,Artery
J-4988,AT1
J-4990,AT2
J-4991,Artery
J-4992,Bcell
J-4993,Vein
J-4994,Bcell
J-4995,AT2
J-4997,AT2
J-4998,InflamMac
J-5000,PatrolMac
J-5001,AT1
J-5004,AT1
J-5006,Tcell
J-5008,AlveolarFibroblast
J-5009,Pericyte
J-5010,Vein
J-5014,Pericyte
J-5016,Vein
J-5018,AlveolarMac
J-5019,Vein
J-5020,Artery
J-5021,Pericyte
J-5022,Pericyte
J-5023,InterstitialMac
J-5024,Pericyte
J-5025,AlveolarMac
J-5026,AT1
J-5027,AT2
J-5029,AT2
J-5030,Vein
J-5031,InflamMac
J-5034,Bcell
J-5035,Pericyte
J-5037,Vein
J-5038,Neutrophil
J-5040,Capillary
J-5042,InflamMac
J-5043,pDC
J-5044,PatrolMac
J-5045,Neutrophil
J-5048,Bcell
J-5049,Capillary
J-5051,perivascularDC
J-5052,Pericyte
J-5053,InflamMac
J-5054,Artery
J-5055,PatrolMac
J-5056,Pericyte
J-5057,Artery
J-5060,AT2
J-5061,AT1
J-5062,AT2
J-5063,Pericyte
J-5066,AT1
J-5070,AT1
J-5071,InterstitialMac
J-5073,Vein
J-5074,AlveolarFibroblast
J-5075,AT2
J-5077,AT1
J-5078,Tcell
J-5080,Tcell
J-5081,Artery
J-5083,Artery
J-5084,Vein
J-5086,PatrolMac
J-5088,AT1
J-5091,AT2
J-5092,AlveolarFibroblast
J-5093,PatrolMac
J-5094,Pericyte
J-5098,AT2
J-5099,InflamMac
J-5101,InflamMac
J-5102,AlveolarFibroblast
J-5103,AT2
J-5105,Bcell
J-5106,Pericyte
J-5107,Artery
J-5108,Artery
J-5110,Pericyte
J-5111,perivascularDC
J-5112,Pericyte
J-5113,AT2
J-5114,Artery
J-5115,Bcell
J-5118,Vein
J-5119,AT2
J-5121,Pericyte
J-5125,AT1
J-5126,PatrolMac
J-5128,AT1
J-5130,AT1
J-5131,MyoFB
J-5132,AT2
J-5133,AT2
J-5134,Vein
J-5135,Pericyte
J-5136,InflamMac
J-5137,Artery
J-5138,MyoFB
J-5142,Artery
J-5143,MyoFB
J-5144,Artery
J-5146,InflamMac
J-5147,Artery
J-5149,MyoFB
J-5150,Pericyte
J-5151,AT2
J-5152,AT1
J-5153,Artery
J-5154,Pericyte
J-5155,Pericyte
J-5156,Artery
J-5157,AT1
J-5158,Neutrophil
J-5159,InflamMac
J-5161,pDC
J-5163,Vein
J-5164,InflamMac
J-5165,AT2
J-5167,Tcell
J-5168,Artery
J-5169,AT1
J-5172,AT2
J-5173,Artery
J-5174,Pericyte
J-5175,Vein
J-5176,Pericyte
J-5179,Artery
J-5180,Vein
J-5181,Artery
J-5183,AT1
J-5184,AlveolarFibroblast
J-5185,AT1
J-5187,PatrolMac
J-5189,InflamMac
J-5191,AT2
J-5192,mucosalDC
J-5194,Vein
J-5195,Vein
J-5196,Vein
J-5197,Capillary
J-5200,Artery
J-5201,AT1
J-5202,AT2
J-5205,SMC
J-5206,mucosalDC
J-5208,AT1
J-5210,AT1
J-5212,MyoFB
J-5214,Vein
J-5215,Pericyte
J-5218,MyoFB
J-5219,Artery
J-5220,Artery
J-5222,AT1
J-5223,AlveolarMac
J-5225,Artery
J-5227,AlveolarFibroblast
J-5228,SMC
J-5231,InterstitialMac
J-5232,SMC
J-5233,AT1
J-5235,Bcell
J-5236,AT2
J-5237,Vein
J-5238,AT2
J-5239,Artery
J-5242,Pericyte
J-5243,Artery
J-5244,Vein
J-5249,AT1
J-5250,AlveolarFibroblast
J-5251,Artery
J-5253,Artery
J-5255,PatrolMac
J-5256,Vein
J-5258,Pericyte
J-5259,Artery
J-5260,Pericyte
J-5261,AT1
J-5264,AlveolarMac
J-5265,AT1
J-5266,Capillary
J-5267,AlveolarFibroblast
J-5269,MyoFB
J-5271,Vein
J-5273,AlveolarFibroblast
J-5274,Vein
J-5275,Artery
J-5276,Artery
J-5277,Pericyte
J-5279,PatrolMac
J-5280,MyoFB
J-5281,InflamMac
J-5286,AT1
J-5287,Pericyte
J-5288,Tcell
J-5289,AlveolarFibroblast
J-5290,Capillary
J-5291,Vein
J-5294,MyoFB
J-5295,AlveolarFibroblast
J-5296,Capillary
J-5297,Bcell
J-5298,Pericyte
J-5303,MyoFB
J-5304,PatrolMac
J-5306,AT2
J-5312,AT2
J-5315,Capillary
J-5316,InterstitialMac
J-5317,Vein
J-5318,AT1
J-5320,Pericyte
J-5324,Artery
J-5325,Capillary
J-5329,InterstitialMac
J-5332,AT1
J-5334,AT2
J-5336,Pericyte
J-5340,Vein
J-5341,Tcell
J-5347,AirwayEpithelial
J-5352,Vein
J-5353,Capillary
J-5357,Bcell
J-5358,Vein
J-5360,MyoFB
J-5361,BronchoFibroblast
J-5362,Vein
J-5364,Pericyte
J-5366,MyoFB
J-5367,Artery
J-5368,Pericyte
J-5370,InflamMac
J-5371,Artery
J-5372,Artery
J-5373,Pericyte
J-5375,Artery
J-5376,AlveolarMac
J-5378,AlveolarMac
J-5380,Artery
J-5382,Bcell
J-5383,AT1
J-5384,Vein
J-5385,Pericyte
J-5387,Bcell
J-5390,Vein
J-5391,Bcell
J-5393,Vein
J-5394,Artery
J-5395,Artery
J-5396,AT1
J-5397,AT2
J-5398,Artery
J-5399,MyoFB
J-5400,AT1
J-5401,MyoFB
J-5402,Bcell
J-5403,Artery
J-5408,InflamMac
J-5409,AT1
J-5411,AT2
J-5412,Artery
J-5413,Capillary
J-5415,Bcell
J-5416,Bcell
J-5417,MyoFB
J-5418,Bcell
J-5419,Vein
J-5420,Vein
J-5423,AT2
J-5424,Bcell
J-5425,Artery
J-5426,AT1
J-5427,Neutrophil
J-5428,Bcell
J-5429,AT1
J-5431,AT2
J-5434,AT2
J-5435,Vein
J-5438,Vein
J-5440,Pericyte
J-5441,Capillary
J-5442,Artery
J-5443,Capillary
J-5445,Vein
J-5446,perivascularDC
J-5447,AT1
J-5448,AT2
J-5449,Vein
J-5450,Capillary
J-5451,Artery
J-5452,InflamMac
J-5453,Pericyte
J-5454,InflamMac
J-5457,InterstitialMac
J-5459,Pericyte
J-5460,MyoFB
J-5462,MyoFB
J-5463,Artery
J-5465,InflamMac
J-5466,Pericyte
J-5467,AT1
J-5468,AT1
J-5469,AT1
J-5470,AT1
J-5475,AT1
J-5477,MyoFB
J-5479,Pericyte
J-5482,Pericyte
J-5485,InterstitialMac
J-5486,Vein
J-5488,PatrolMac
J-5489,Capillary
J-5491,InterstitialMac
J-5493,Vein
J-5494,Capillary
J-5495,Pericyte
J-5496,AT1
J-5497,AT2
J-5498,AT1
J-5500,Vein
J-5501,InterstitialMac
J-5502,PatrolMac
J-5506,AT1
J-5507,Pericyte
J-5508,Artery
J-5509,Pericyte
J-5511,Bcell
J-5512,Vein
J-5513,Vein
J-5516,AT1
J-5517,Artery
J-5519,Bcell
J-5520,InterstitialMac
J-5522,InflamMac
J-5523,AlveolarFibroblast
J-5524,AlveolarFibroblast
J-5525,Pericyte
J-5528,Artery
J-5531,Artery
J-5532,MyoFB
J-5533,AT2
J-5534,Pericyte
J-5535,AT1
J-5538,AT1
J-5539,Vein
J-5540,Vein
J-5542,Vein
J-5543,Pericyte
J-5544,Pericyte
J-5553,Pericyte
J-5554,AT1
J-5558,Vein
J-5561,AT2
J-5563,Tcell
J-5564,Vein
J-5566,AT1
J-5567,Vein
J-5570,AT1
J-5572,AT1
J-5573,Artery
J-5574,perivascularDC
J-5575,pDC
J-5578,Vein
J-5579,Bcell
J-5581,Vein
J-5582,Artery
J-5583,InterstitialMac
J-5585,AT2
J-5586,pDC
J-5589,Capillary
J-5591,MyoFB
J-5593,perivascularDC
J-5594,Artery
J-5596,Capillary
J-5597,Vein
J-5600,Bcell
J-5602,AT1
J-5603,Artery
J-5606,perivascularDC
J-5607,Artery
J-5609,Artery
J-5610,Vein
J-5613,Pericyte
J-5614,AT1
J-5619,Vein
J-5622,PatrolMac
J-5623,Artery
J-5624,Bcell
J-5626,Vein
J-5627,AT2
J-5629,Capillary
J-5631,Artery
J-5632,mucosalDC
J-5635,PatrolMac
J-5637,AT1
J-5638,Pericyte
J-5639,Pericyte
J-5642,AlveolarMac
J-5644,Vein
J-5646,Artery
J-5650,Vein
J-5651,AT2
J-5653,Artery
J-5654,AT2
J-5655,InterstitialMac
J-5664,AT1
J-5667,Pericyte
J-5669,Pericyte
J-5673,Pericyte
J-5678,AT1
J-5683,InflamMac
J-5686,AT1
J-5687,AT1
J-5694,Artery
J-5695,PatrolMac
J-5696,Artery
J-5697,Pericyte
J-5698,InterstitialMac
J-5699,Capillary
J-5700,Artery
J-5701,Artery
J-5702,Pericyte
J-5703,AT1
J-5704,mucosalDC
J-5707,SMC
J-5712,MyoFB
J-5713,AlveolarMac
J-5714,AT2
J-5716,Vein
J-5717,Artery
J-5718,AT1
J-5719,InflamMac
J-5720,pDC
J-5721,Artery
J-5722,AT1
J-5723,perivascularDC
J-5726,AlveolarMac
J-5727,AT1
J-5728,Artery
J-5730,AlveolarMac
J-5731,AT2
J-5732,Pericyte
J-5733,Vein
J-5734,Artery
J-5735,Bcell
J-5737,AT1
J-5739,Artery
J-5741,Vein
J-5742,Artery
J-5743,Artery
J-5744,AlveolarFibroblast
J-5746,BronchoFibroblast
J-5747,Capillary
J-5748,AlveolarMac
J-5749,MyoFB
J-5750,AlveolarFibroblast
J-5751,Artery
J-5752,MyoFB
J-5753,AlveolarMac
J-5756,AT2
J-5757,perivascularDC
J-5760,Artery
J-5762,Vein
J-5763,Artery
J-5764,Bcell
J-5766,Artery
J-5767,pDC
J-5768,Tcell
J-5769,AT1
J-5772,AT2
J-5774,Vein
J-5776,Artery
J-5777,AT1
J-5778,PatrolMac
J-5781,Artery
J-5783,AT1
J-5784,AT1
J-5786,AlveolarFibroblast
J-5789,pDC
J-5790,Artery
J-5792,Artery
J-5793,Artery
J-5794,PatrolMac
J-5795,Vein
J-5796,PatrolMac
J-5797,AT2
J-5798,AT1
J-5799,AT1
J-5800,Pericyte
J-5801,PatrolMac
J-5803,Pericyte
J-5804,Capillary
J-5805,Artery
J-5807,AlveolarMac
J-5808,Artery
J-5809,Tcell
J-5811,AT2
J-5812,pDC
J-5813,Bcell
J-5814,InflamMac
J-5815,AT1
J-5817,AT2
J-5818,AT1
J-5820,Neutrophil
J-5821,Vein
J-5822,Bcell
J-5823,Artery
J-5824,AT1
J-5828,Artery
J-5829,AT1
J-5830,Vein
J-5832,Pericyte
J-5833,MyoFB
J-5834,Pericyte
J-5835,pDC
J-5836,AT1
J-5837,InterstitialMac
J-5838,InflamMac
J-5839,Vein
J-5841,Artery
J-5842,AT1
J-5843,AT2
J-5844,Vein
J-5846,Artery
J-5848,Artery
J-5849,mucosalDC
J-5852,InflamMac
J-5853,Pericyte
J-5854,AT2
J-5855,Pericyte
J-5856,Pericyte
J-5857,AT1
J-5858,Artery
J-5860,Artery
J-5861,mucosalDC
J-5863,Artery
J-5864,AlveolarFibroblast
J-5865,AT1
J-5866,Artery
J-5867,Pericyte
J-5868,AT2
J-5869,AT2
J-5870,Capillary
J-5871,Artery
J-5872,PatrolMac
J-5873,Vein
J-5874,PatrolMac
J-5875,Pericyte
J-5876,Pericyte
J-5879,Capillary
J-5880,AlveolarFibroblast
J-5881,Vein
J-5882,Artery
J-5885,AT2
J-5886,Pericyte
J-5887,Vein
J-5888,Pericyte
J-5889,Pericyte
J-5894,AlveolarMac
J-5895,AT1
J-5896,Pericyte
J-5897,Capillary
J-5898,InflamMac
J-5902,AT2
J-5903,Pericyte
J-5904,Vein
J-5906,Vein
J-5907,Artery
J-5908,Pericyte
J-5909,SMC
J-5910,Vein
J-5911,AlveolarMac
J-5912,Artery
J-5913,Bcell
J-5915,Vein
J-5916,Artery
J-5918,Vein
J-5919,Capillary
J-5920,Vein
J-5921,Artery
J-5922,Neutrophil
J-5923,AT2
J-5926,Artery
J-5928,perivascularDC
J-5929,perivascularDC
J-5930,Artery
J-5932,AlveolarFibroblast
J-5933,MyoFB
J-5935,Vein
J-5936,AlveolarFibroblast
J-5938,Artery
J-5940,AT1
J-5941,AT1
J-5943,MyoFB
J-5945,AT1
J-5947,AT1
J-5948,AT1
J-5949,MyoFB
J-5951,Pericyte
J-5952,MyoFB
J-5953,Bcell
J-5954,Capillary
J-5955,AirwayEpithelial
J-5956,Vein
J-5958,InterstitialMac
J-5959,Artery
J-5961,Tcell
J-5962,Artery
J-5963,Artery
J-5965,AT1
J-5966,Artery
J-5968,AlveolarFibroblast
J-5969,InflamMac
J-5970,AT1
J-5971,AT1
J-5972,perivascularDC
J-5973,Capillary
J-5976,Artery
J-5978,Vein
J-5979,AT2
J-5980,AirwayEpithelial
J-5982,MyoFB
J-5983,Bcell
J-5985,AlveolarFibroblast
J-5986,Vein
J-5988,Artery
J-5989,AT1
J-5990,Artery
J-5991,Artery
J-5993,Neutrophil
J-5994,Artery
J-5997,Artery
J-6000,AT1
J-6003,Pericyte
J-6006,Vein
J-6008,MyoFB
J-6010,perivascularDC
J-6011,AT1
J-6013,PatrolMac
J-6014,AT1
J-6015,AlveolarFibroblast
J-6016,AlveolarFibroblast
J-6017,AT1
J-6020,AlveolarFibroblast
J-6021,Artery
J-6024,Vein
J-6025,Artery
J-6026,MyoFB
J-6031,AT1
J-6035,AT1
J-6040,Artery
J-6041,Vein
J-6042,Bcell
J-6043,Pericyte
J-6046,AT1
J-6047,InflamMac
J-6049,AT1
J-6050,Vein
J-6054,AT1
J-6055,AT1
J-6056,AT2
J-6057,Pericyte
J-6058,MyoFB
J-6059,Pericyte
J-6060,AT1
J-6061,PatrolMac
J-6062,AT2
J-6065,PatrolMac
J-6066,Bcell
J-6069,Vein
J-6070,Artery
J-6073,Capillary
J-6074,AT2
J-6076,Artery
J-6078,Vein
J-6079,pDC
J-6081,AT1
J-6082,Neutrophil
J-6083,Pericyte
J-6084,Capillary
J-6085,Pericyte
J-6087,Vein
J-6088,Bcell
J-6089,Artery
J-6090,MyoFB
J-6092,Pericyte
J-6094,AT1
J-6095,Capillary
J-6096,perivascularDC
J-6097,Artery
J-6098,Pericyte
J-6099,Vein
J-6101,mucosalDC
J-6102,AT1
J-6103,AT2
J-6105,MyoFB
J-6106,Vein
J-6108,Capillary
J-6109,AT2
J-6110,InflamMac
J-6111,Capillary
J-6112,Pericyte
J-6114,AT1
J-6116,Vein
J-6117,Capillary
J-6118,AT1
J-6119,Tcell
J-6120,AT1
J-6121,AlveolarFibroblast
J-6122,Tcell
J-6123,Artery
J-6124,pDC
J-6126,Capillary
J-6127,AT1
J-6130,InflamMac
J-6132,Capillary
J-6133,InflamMac
J-6134,Vein
J-6136,MyoFB
J-6137,AT1
J-6138,AT1
J-6139,Pericyte
J-6141,Capillary
J-6143,MyoFB
J-6146,InflamMac
J-6147,pDC
J-6148,Capillary
J-6149,mucosalDC
J-6152,Pericyte
J-6153,AT2
J-6155,AlveolarMac
J-6156,SMC
J-6157,Capillary
J-6158,AT2
J-6159,AT1
J-6160,Artery
J-6161,Artery
J-6162,AT1
J-6164,AT1
J-6165,AirwayEpithelial
J-6167,Capillary
J-6168,PatrolMac
J-6169,AT1
J-6172,SMC
J-6173,Artery
J-6174,Artery
J-6175,Capillary
J-6176,AT2
J-6177,Vein
J-6179,AT1
J-6180,AT2
J-6182,AlveolarFibroblast
J-6183,Artery
J-6186,AT2
J-6187,Capillary
J-6188,AT2
J-6193,Pericyte
J-6199,Capillary
J-6200,Pericyte
J-6201,Artery
J-6202,AT2
J-6203,Capillary
J-6205,Capillary
J-6206,Pericyte
J-6207,Vein
J-6208,Artery
J-6209,AlveolarFibroblast
J-6211,Pericyte
J-6212,AT2
J-6213,InflamMac
J-6214,Artery
J-6218,AT1
J-6219,Artery
J-6221,Artery
J-6224,AlveolarFibroblast
J-6226,Artery
J-6228,Vein
J-6229,Artery
J-6230,pDC
J-6231,Vein
J-6237,Artery
J-6240,InflamMac
J-6242,mucosalDC
J-6244,MyoFB
J-6245,AT2
J-6246,Capillary
J-6247,AT2
J-6248,Capillary
J-6249,Pericyte
J-6251,AT1
J-6254,Vein
J-6255,InterstitialMac
J-6256,AT1
J-6259,AT2
J-6261,Capillary
J-6262,Vein
J-6263,Vein
J-6264,Vein
J-6266,Vein
J-6268,Pericyte
J-6269,Vein
J-6270,Capillary
J-6273,Pericyte
J-6274,Artery
J-6275,InflamMac
J-6276,Vein
J-6280,AlveolarMac
J-6281,Pericyte
J-6282,AT2
J-6283,InflamMac
J-6284,AT1
J-6288,MyoFB
J-6289,Neutrophil
J-6291,Pericyte
J-6294,Pericyte
J-6295,Pericyte
J-6297,InflamMac
J-6298,Vein
J-6300,Bcell
J-6302,AT2
J-6303,AT2
J-6307,Artery
J-6308,Pericyte
J-6309,SMC
J-6311,AT1
J-6312,pDC
J-6314,MyoFB
J-6321,Bcell
J-6323,Vein
J-6324,Pericyte
J-6329,Artery
J-6330,Artery
J-6331,AT2
J-6333,Pericyte
J-6334,AT2
J-6335,Artery
J-6338,Vein
J-6339,AT1
J-6340,Artery
J-6341,AirwayEpithelial
J-6342,Vein
J-6344,PatrolMac
J-6345,InterstitialMac
J-6346,Capillary
J-6348,Artery
J-6349,Artery
J-6351,Capillary
J-6352,AT1
J-6354,AT1
J-6357,AT1
J-6358,MyoFB
J-6359,AT2
J-6360,AT2
J-6361,Artery
J-6364,Vein
J-6367,Vein
J-6371,Artery
J-6372,InterstitialMac
J-6376,Artery
J-6379,Pericyte
J-6381,AirwayEpithelial
J-6382,Artery
J-6385,Vein
J-6389,Artery
J-6391,Artery
J-6396,Vein
J-6398,Artery
J-6399,AT1
J-6402,PatrolMac
J-6403,Tcell
J-6406,Pericyte
J-6408,Capillary
J-6412,SMC
J-6414,MyoFB
J-6419,InterstitialMac
J-6427,Artery
J-6435,mucosalDC
J-6437,Artery
J-6438,Tcell
J-6439,Artery
J-6440,AlveolarMac
J-6441,Artery
J-6442,Artery
J-6443,AT2
J-6444,SMC
J-6445,Pericyte
J-6446,Artery
J-6447,perivascularDC
J-6448,InflamMac
J-6449,SMC
J-6450,Bcell
J-6451,Artery
J-6452,Artery
J-6453,InterstitialMac
J-6454,AT2
J-6456,AT1
J-6457,MyoFB
J-6459,Artery
J-6460,Artery
J-6461,Bcell
J-6462,Artery
J-6463,Vein
J-6464,Artery
J-6466,MyoFB
J-6467,AT1
J-6468,AlveolarFibroblast
J-6469,SMC
J-6470,AT2
J-6471,Artery
J-6473,AT1
J-6474,AT1
J-6476,Pericyte
J-6477,Artery
J-6478,AlveolarFibroblast
J-6480,AT2
J-6481,Artery
J-6482,AT1
J-6485,Artery
J-6487,Vein
J-6488,Vein
J-6492,Artery
J-6494,InterstitialMac
J-6495,Bcell
J-6497,MyoFB
J-6498,perivascularDC
J-6499,perivascularDC
J-6500,Artery
J-6501,Artery
J-6503,Tcell
J-6508,Vein
J-6509,perivascularDC
J-6510,AT1
J-6512,MyoFB
J-6514,AT1
J-6516,Vein
J-6517,InflamMac
J-6518,Pericyte
J-6521,Artery
J-6522,InflamMac
J-6524,AT1
J-6526,AlveolarMac
J-6527,Artery
J-6528,AT1
J-6529,Pericyte
J-6530,Artery
J-6532,Pericyte
J-6533,Vein
J-6534,AlveolarMac
J-6536,perivascularDC
J-6538,MyoFB
J-6539,Artery
J-6540,Pericyte
J-6544,Vein
J-6545,Artery
J-6546,AlveolarFibroblast
J-6547,Pericyte
J-6548,Pericyte
J-6549,Artery
J-6551,AT1
J-6552,AlveolarFibroblast
J-6555,Artery
J-6558,Artery
J-6560,Pericyte
J-6562,MyoFB
J-6563,InterstitialMac
J-6564,Pericyte
J-6565,Artery
J-6566,Artery
J-6568,MyoFB
J-6570,mucosalDC
J-6571,BronchoFibroblast
J-6575,InterstitialMac
J-6578,perivascularDC
J-6579,AT1
J-6581,pDC
J-6582,perivascularDC
J-6584,Pericyte
J-6585,AT2
J-6586,Pericyte
J-6587,Pericyte
J-6588,Vein
J-6589,AT1
J-6590,Artery
J-6592,Tcell
J-6593,InflamMac
J-6594,Tcell
J-6595,Bcell
J-6596,AlveolarFibroblast
J-6597,MyoFB
J-6603,Pericyte
J-6604,perivascularDC
J-6606,Vein
J-6607,Artery
J-6611,Capillary
J-6612,AT1
J-6613,PatrolMac
J-6614,AT1
J-6615,Artery
J-6617,perivascularDC
J-6618,PatrolMac
J-6620,AlveolarMac
J-6625,Artery
J-6626,Artery
J-6627,AT1
J-6629,AlveolarFibroblast
J-6630,AT1
J-6635,Capillary
J-6637,Pericyte
J-6638,AT1
J-6639,Artery
J-6640,AT1
J-6641,MyoFB
J-6643,AT1
J-6645,Artery
J-6647,Bcell
J-6650,AT1
J-6651,Artery
J-6653,AT1
J-6655,Artery
J-6656,AlveolarFibroblast
J-6658,Pericyte
J-6659,AT2
J-6660,InflamMac
J-6661,Artery
J-6664,AT1
J-6665,AT2
J-6669,Artery
J-6670,Artery
J-6671,AT1
J-6672,Vein
J-6673,perivascularDC
J-6674,AT1
J-6676,InterstitialMac
J-6677,AlveolarMac
J-6680,Vein
J-6681,Artery
J-6682,AT2
J-6683,Artery
J-6687,Artery
J-6689,AT1
J-6691,mucosalDC
J-6692,PatrolMac
J-6693,Pericyte
J-6695,Vein
J-6696,pDC
J-6697,AlveolarMac
J-6698,Capillary
J-6699,AT1
J-6701,Pericyte
J-6702,Artery
J-6703,Capillary
J-6706,PatrolMac
J-6709,AlveolarFibroblast
J-6710,InflamMac
J-6711,Pericyte
J-6712,Capillary
J-6714,Artery
J-6716,Artery
J-6717,Vein
J-6718,AT1
J-6720,Pericyte
J-6721,AT1
J-6722,Vein
J-6724,Artery
J-6725,AT1
J-6728,Artery
J-6729,AT1
J-6732,BronchoFibroblast
J-6733,AT1
J-6734,Artery
J-6736,AirwayEpithelial
J-6738,AT1
J-6741,AlveolarFibroblast
J-6743,Vein
J-6744,AT1
J-6745,Artery
J-6748,AT2
J-6749,Artery
J-6750,Capillary
J-6751,AT1
J-6752,AlveolarFibroblast
J-6757,AT1
J-6758,AT1
J-6760,AT1
J-6764,Pericyte
J-6765,Pericyte
J-6766,MyoFB
J-6767,AT2
J-6770,AT1
J-6774,Bcell
J-6775,AT1
J-6785,Vein
J-6787,Pericyte
J-6789,PatrolMac
J-6798,AT1
J-6804,MyoFB
J-6805,Artery
J-6806,Artery
J-6807,Vein
J-6810,Artery
J-6811,AlveolarMac
J-6812,SMC
J-6813,Pericyte
J-6815,AT2
J-6817,Artery
J-6818,Artery
J-6821,AT2
J-6822,PatrolMac
J-6823,Artery
J-6825,PatrolMac
J-6826,AT1
J-6827,AlveolarFibroblast
J-6828,AT2
J-6829,PatrolMac
J-6830,Artery
J-6831,PatrolMac
J-6832,AT1
J-6834,Artery
J-6835,AT1
J-6836,Artery
J-6837,Artery
J-6839,Pericyte
J-6840,Bcell
J-6841,Pericyte
J-6842,Pericyte
J-6843,Artery
J-6844,Artery
J-6846,Vein
J-6851,Vein
J-6854,AT2
J-6855,Capillary
J-6856,Artery
J-6859,Artery
J-6860,Artery
J-6861,InflamMac
J-6870,InflamMac
J-6872,Vein
J-6873,Capillary
J-6874,Artery
J-6875,Artery
J-6876,Vein
J-6880,Artery
J-6881,Artery
J-6883,Artery
J-6890,Vein
J-6891,SMC
J-6892,Vein
J-6894,AT1
J-6895,Pericyte
J-6896,AT1
J-6897,Vein
J-6899,Artery
J-6901,Artery
J-6903,Pericyte
J-6904,AT1
J-6905,Pericyte
J-6906,AT1
J-6909,AT1
J-6910,Artery
J-6911,Vein
J-6912,InflamMac
J-6915,Vein
J-6916,AlveolarFibroblast
J-6918,Capillary
J-6919,Artery
J-6921,Capillary
J-6926,Capillary
J-6927,Artery
J-6928,AT2
J-6931,Neutrophil
J-6932,Artery
J-6933,AT2
J-6934,SMC
J-6936,Vein
J-6938,AT1
J-6940,AT1
J-6941,Capillary
J-6942,SMC
J-6943,Vein
J-6944,MyoFB
J-6945,Artery
J-6946,Artery
J-6947,Capillary
J-6949,AT2
J-6951,AT1
J-6954,pDC
J-6955,Neutrophil
J-6957,Pericyte
J-6958,Pericyte
J-6960,SMC
J-6961,SMC
J-6962,AT2
J-6964,Artery
J-6965,AT2
J-6966,Artery
J-6969,Artery
J-6970,AT1
J-6974,Vein
J-6977,InflamMac
J-6978,Vein
J-6979,Vein
J-6981,InflamMac
J-6982,Artery
J-6989,Artery
J-6990,perivascularDC
J-6992,AT1
J-6993,Vein
J-6995,MyoFB
J-6997,AT1
J-6999,Artery
J-7000,Artery
J-7001,AT1
J-7003,Artery
J-7013,Capillary
J-7014,BronchoFibroblast
J-7015,pDC
J-7021,Artery
J-7022,Artery
J-7025,Capillary
J-7029,Vein
J-7039,Vein
J-7045,Artery
J-7050,Vein
J-7053,AT2
J-7054,Artery
J-7055,InflamMac
J-7056,AlveolarMac
J-7060,AlveolarMac
J-7062,Artery
J-7064,Pericyte
J-7066,InflamMac
J-7067,Artery
J-7069,Artery
J-7070,AT2
J-7072,Artery
J-7074,Vein
J-7075,Capillary
J-7078,Artery
J-7079,Pericyte
J-7081,Artery
J-7084,Vein
J-7085,InflamMac
J-7086,mucosalDC
J-7087,AT1
J-7091,InterstitialMac
J-7092,Pericyte
J-7094,Artery
J-7096,MyoFB
J-7097,Artery
J-7098,pDC
J-7100,Bcell
J-7102,InterstitialMac
J-7104,AT1
J-7106,PatrolMac
J-7108,Vein
J-7109,AT2
J-7111,AT2
J-7112,AlveolarMac
J-7113,AT1
J-7114,MyoFB
J-7115,Artery
J-7119,Artery
J-7120,AT1
J-7123,AT1
J-7125,Vein
J-7126,Artery
J-7130,AlveolarFibroblast
J-7131,AT2
J-7133,AlveolarFibroblast
J-7134,AT2
J-7135,Vein
J-7138,MyoFB
J-7139,Artery
J-7143,Pericyte
J-7145,AT1
J-7148,InflamMac
J-7151,AT1
J-7153,Pericyte
J-7155,MyoFB
J-7157,MyoFB
J-7159,Capillary
J-7164,AlveolarMac
J-7165,InterstitialMac
J-7166,AlveolarMac
J-7167,Vein
J-7168,AT2
J-7170,Pericyte
J-7171,Bcell
J-7173,Artery
J-7174,MyoFB
J-7175,AT1
J-7178,Bcell
J-7181,AT2
J-7185,PatrolMac
J-7188,AT1
J-7189,Artery
J-7190,PatrolMac
J-7192,AT2
J-7193,Artery
J-7194,AT2
J-7195,Vein
J-7197,Pericyte
J-7200,MyoFB
J-7201,Pericyte
J-7202,Pericyte
J-7203,Artery
J-7204,AlveolarFibroblast
J-7205,Vein
J-7208,Artery
J-7212,AT2
J-7214,Artery
J-7215,Tcell
J-7216,AT1
J-7217,AT2
J-7218,Artery
J-7221,Bcell
J-7222,MyoFB
J-7223,Pericyte
J-7224,AT1
J-7225,InflamMac
J-7226,Pericyte
J-7227,MyoFB
J-7228,Artery
J-7229,pDC
J-7231,MyoFB
J-7232,AlveolarMac
J-7233,Bcell
J-7234,Artery
J-7235,Capillary
J-7236,Pericyte
J-7237,AT2
J-7238,Capillary
J-7239,Capillary
J-7241,AT1
J-7242,Vein
J-7243,AT1
J-7245,Vein
J-7246,AlveolarMac
J-7247,AT1
J-7250,AlveolarFibroblast
J-7251,AT1
J-7252,MyoFB
J-7254,Bcell
J-7258,Artery
J-7259,PatrolMac
J-7260,InterstitialMac
J-7261,AT2
J-7262,Artery
J-7263,Pericyte
J-7264,Capillary
J-7266,Pericyte
J-7267,AT1
J-7269,MyoFB
J-7270,Artery
J-7271,Capillary
J-7272,AT2
J-7274,AlveolarFibroblast
J-7275,AT2
J-7276,Capillary
J-7277,Artery
J-7278,AT2
J-7283,Bcell
J-7286,Artery
J-7289,Vein
J-7293,AT2
J-7296,Pericyte
J-7298,Pericyte
J-7299,Artery
J-7300,Vein
J-7301,Pericyte
J-7306,Pericyte
J-7307,AT2
J-7309,Pericyte
J-7311,Pericyte
J-7321,Vein
J-7326,Pericyte
J-7331,Artery
J-7332,Artery
