x
B-2,AlveolarFibroblast
B-3,Artery
B-4,AlveolarFibroblast
B-5,Artery
B-6,InterstitialMac
B-7,Pericyte
B-8,AlveolarFibroblast
B-9,AT1
B-10,Pericyte
B-11,AirwayEpithelial
B-12,Artery
B-13,Pericyte
B-14,Tcell
B-15,AlveolarFibroblast
B-16,Artery
B-17,AT1
B-18,MyoFB
B-19,PatrolMac
B-20,Pericyte
B-21,Vein
B-22,AlveolarFibroblast
B-23,AT1
B-24,Artery
B-25,Tcell
B-26,Pericyte
B-27,Tcell
B-28,Artery
B-29,AT2
B-30,AirwayEpithelial
B-31,InflamMac
B-32,PatrolMac
B-33,Artery
B-34,Artery
B-35,Artery
B-36,Bcell
B-37,InflamMac
B-38,Artery
B-39,Artery
B-40,MyoFB
B-41,Pericyte
B-42,AirwayEpithelial
B-43,PatrolMac
B-44,Artery
B-46,AT1
B-47,Bcell
B-48,Artery
B-49,Artery
B-50,Artery
B-51,BronchoFibroblast
B-52,AT1
B-53,Artery
B-54,PatrolMac
B-57,Capillary
B-58,AirwayEpithelial
B-59,Capillary
B-60,Pericyte
B-61,AlveolarFibroblast
B-62,Bcell
B-63,Artery
B-64,Artery
B-65,SMC
B-66,AT1
B-67,Pericyte
B-68,AirwayEpithelial
B-69,AlveolarFibroblast
B-70,Artery
B-71,AT1
B-72,Artery
B-73,Artery
B-75,Pericyte
B-76,AT2
B-77,Capillary
B-78,Artery
B-79,Tcell
B-80,Artery
B-81,Capillary
B-82,Artery
B-84,AT1
B-85,Artery
B-86,Pericyte
B-87,Artery
B-88,Pericyte
B-90,AirwayEpithelial
B-91,Pericyte
B-92,AirwayEpithelial
B-93,AT1
B-94,AT1
B-95,Pericyte
B-96,AlveolarFibroblast
B-97,Pericyte
B-98,AirwayEpithelial
B-99,Artery
B-100,Pericyte
B-101,AlveolarFibroblast
B-102,MyoFB
B-104,Pericyte
B-105,AirwayEpithelial
B-106,Artery
B-107,Pericyte
B-108,AirwayEpithelial
B-111,AT2
B-112,InflamMac
B-113,AT1
B-115,Vein
B-116,AirwayEpithelial
B-117,Bcell
B-120,AT2
B-121,MyoFB
B-122,Tcell
B-123,Capillary
B-124,Pericyte
B-126,Artery
B-127,Artery
B-128,AT2
B-130,AT1
B-131,Bcell
B-132,InflamMac
B-133,AirwayEpithelial
B-134,Artery
B-136,Artery
B-137,Pericyte
B-140,Artery
B-141,AirwayEpithelial
B-142,Pericyte
B-143,Artery
B-144,Pericyte
B-145,Artery
B-146,Pericyte
B-147,MyoFB
B-148,AirwayEpithelial
B-149,Artery
B-150,Pericyte
B-151,PatrolMac
B-152,InterstitialMac
B-153,Pericyte
B-154,AT1
B-155,Artery
B-156,Artery
B-158,Pericyte
B-159,MyoFB
B-160,Artery
B-161,Artery
B-163,Tcell
B-164,Capillary
B-165,AirwayEpithelial
B-166,Artery
B-167,Artery
B-169,SMC
B-170,Artery
B-171,Pericyte
B-172,Bcell
B-173,AT1
B-174,AT1
B-175,AirwayEpithelial
B-178,Bcell
B-179,AirwayEpithelial
B-180,Artery
B-181,Artery
B-182,Artery
B-183,Artery
B-185,Bcell
B-186,Artery
B-187,AT2
B-188,AlveolarFibroblast
B-189,Artery
B-190,Tcell
B-191,SMC
B-192,InterstitialMac
B-193,AT1
B-195,AlveolarFibroblast
B-197,Capillary
B-198,Artery
B-201,Artery
B-203,Artery
B-204,Pericyte
B-206,MyoFB
B-207,Artery
B-208,AlveolarFibroblast
B-209,Artery
B-211,InflamMac
B-213,Artery
B-214,AT1
B-215,AirwayEpithelial
B-216,AlveolarMac
B-217,AT2
B-218,PatrolMac
B-219,Tcell
B-221,SMC
B-222,MyoFB
B-223,Pericyte
B-224,Capillary
B-225,BronchoFibroblast
B-226,AT1
B-228,AT2
B-229,Artery
B-230,AlveolarFibroblast
B-231,Pericyte
B-233,BronchoFibroblast
B-234,SMC
B-236,InflamMac
B-237,Capillary
B-238,AT2
B-239,Artery
B-240,Artery
B-241,Pericyte
B-242,AT1
B-243,Bcell
B-244,Artery
B-245,AT2
B-246,AT1
B-247,Bcell
B-248,Artery
B-249,PatrolMac
B-250,Artery
B-252,InflamMac
B-253,AlveolarFibroblast
B-254,Capillary
B-255,Artery
B-257,Capillary
B-259,AT2
B-261,Capillary
B-262,AT1
B-263,AlveolarFibroblast
B-264,AlveolarFibroblast
B-265,AT1
B-266,Pericyte
B-267,Artery
B-269,BronchoFibroblast
B-270,SMC
B-273,AlveolarFibroblast
B-274,AT1
B-277,Artery
B-278,AT1
B-279,Pericyte
B-281,SMC
B-283,AT1
B-284,Artery
B-285,Pericyte
B-287,Pericyte
B-288,BronchoFibroblast
B-289,Artery
B-290,perivascularDC
B-293,AirwayEpithelial
B-295,Neutrophil
B-296,BronchoFibroblast
B-297,Tcell
B-298,InflamMac
B-299,InterstitialMac
B-300,Capillary
B-301,SMC
B-302,AirwayEpithelial
B-303,Artery
B-305,Pericyte
B-311,Pericyte
B-312,MyoFB
B-315,AT2
B-316,Artery
B-317,Capillary
B-318,SMC
B-321,Artery
B-322,AirwayEpithelial
B-324,Tcell
B-325,PatrolMac
B-330,AirwayEpithelial
B-331,AT1
B-332,MyoFB
B-333,InflamMac
B-335,Pericyte
B-338,AT1
B-341,MyoFB
B-342,AirwayEpithelial
B-346,Artery
B-347,Pericyte
B-348,PatrolMac
B-349,mucosalDC
B-350,Pericyte
B-351,AT2
B-352,Artery
B-354,Capillary
B-355,AlveolarMac
B-357,Bcell
B-358,AT2
B-360,Pericyte
B-361,AlveolarFibroblast
B-363,AirwayEpithelial
B-364,AT1
B-366,MyoFB
B-367,AT1
B-368,PatrolMac
B-369,AlveolarFibroblast
B-370,Artery
B-371,Artery
B-372,Artery
B-373,AirwayEpithelial
B-374,InterstitialMac
B-375,AT2
B-376,Capillary
B-377,MyoFB
B-378,Pericyte
B-379,AT2
B-380,Capillary
B-382,AirwayEpithelial
B-384,AT2
B-386,MyoFB
B-387,perivascularDC
B-388,AT2
B-389,Artery
B-390,Artery
B-393,AT1
B-394,Artery
B-395,MyoFB
B-396,Capillary
B-397,AT2
B-398,Bcell
B-400,Pericyte
B-401,Artery
B-402,AT1
B-404,PatrolMac
B-408,AT1
B-409,Artery
B-410,AT2
B-411,AT1
B-414,Pericyte
B-416,AT1
B-417,Pericyte
B-418,AirwayEpithelial
B-420,AT2
B-421,AT1
B-422,Artery
B-424,Vein
B-425,AlveolarMac
B-426,SMC
B-428,Artery
B-429,AT1
B-431,AT2
B-433,AlveolarFibroblast
B-434,AT1
B-435,InflamMac
B-436,AT1
B-437,InterstitialMac
B-441,Artery
B-442,AlveolarFibroblast
B-443,AT1
B-444,Artery
B-445,AirwayEpithelial
B-448,InflamMac
B-449,AT2
B-451,Vein
B-454,AlveolarFibroblast
B-456,Pericyte
B-457,MyoFB
B-459,AlveolarFibroblast
B-460,InflamMac
B-462,AT2
B-463,MyoFB
B-464,AT2
B-465,Vein
B-466,AT1
B-467,PatrolMac
B-469,AT1
B-470,InflamMac
B-471,AT1
B-472,Pericyte
B-473,Artery
B-474,InterstitialMac
B-475,Artery
B-476,Artery
B-478,Artery
B-479,Artery
B-480,AT2
B-483,Artery
B-484,PatrolMac
B-485,AT1
B-487,Pericyte
B-488,PatrolMac
B-489,AT1
B-490,Neutrophil
B-491,AT1
B-494,AT1
B-495,Artery
B-496,Artery
B-498,Artery
B-499,Pericyte
B-500,Artery
B-502,Pericyte
B-506,AT1
B-507,Artery
B-509,Artery
B-511,Artery
B-512,Capillary
B-513,AirwayEpithelial
B-515,pDC
B-516,Artery
B-517,Artery
B-518,PatrolMac
B-519,Artery
B-520,Capillary
B-521,AT1
B-522,Artery
B-523,Bcell
B-524,Artery
B-525,AlveolarFibroblast
B-526,Pericyte
B-527,Tcell
B-528,AT2
B-531,Pericyte
B-532,AlveolarFibroblast
B-533,Artery
B-534,MyoFB
B-539,AT1
B-540,Pericyte
B-541,InflamMac
B-542,AT1
B-543,AT2
B-547,Artery
B-548,Vein
B-550,pDC
B-551,AT1
B-553,Artery
B-555,AT1
B-557,MyoFB
B-559,Artery
B-563,AT1
B-564,Artery
B-565,Artery
B-566,Pericyte
B-570,Artery
B-571,Artery
B-572,Artery
B-573,Artery
B-574,InflamMac
B-577,Bcell
B-581,Artery
B-582,Pericyte
B-583,Pericyte
B-584,Capillary
B-585,AT1
B-586,PatrolMac
B-587,Capillary
B-588,PatrolMac
B-589,AT1
B-591,Artery
B-593,AT1
B-596,Artery
B-597,AT1
B-598,AT1
B-600,Artery
B-602,AirwayEpithelial
B-603,AT1
B-605,MyoFB
B-606,InterstitialMac
B-607,Vein
B-609,AT2
B-610,Pericyte
B-611,Artery
B-613,AT1
B-614,MyoFB
B-615,Pericyte
B-617,Artery
B-618,InflamMac
B-620,InterstitialMac
B-621,Artery
B-623,AT1
B-624,AT2
B-625,Pericyte
B-627,Artery
B-629,AirwayEpithelial
B-630,MyoFB
B-631,Artery
B-633,PatrolMac
B-634,AlveolarFibroblast
B-636,Pericyte
B-640,AT1
B-641,Artery
B-644,Artery
B-645,Pericyte
B-646,InflamMac
B-648,Vein
B-649,AT2
B-650,Artery
B-652,Pericyte
B-653,Pericyte
B-654,AT2
B-660,InflamMac
B-661,Pericyte
B-662,Artery
B-664,PatrolMac
B-665,Tcell
B-666,AirwayEpithelial
B-667,Pericyte
B-668,Pericyte
B-669,AT2
B-670,AT1
B-671,AT1
B-674,Vein
B-675,Pericyte
B-678,Bcell
B-681,Vein
B-682,Pericyte
B-683,Pericyte
B-687,AT1
B-690,AT1
B-696,Pericyte
B-698,AT2
B-699,AT1
B-704,Artery
B-706,InterstitialMac
B-707,InflamMac
B-712,AT1
B-713,AT1
B-717,Vein
B-718,mucosalDC
B-719,Artery
B-720,AlveolarMac
B-721,AT2
B-722,AT2
B-725,Vein
B-726,mucosalDC
B-727,Artery
B-728,Artery
B-729,PatrolMac
B-730,Artery
B-731,AirwayEpithelial
B-732,Capillary
B-733,InterstitialMac
B-735,Capillary
B-736,AT1
B-737,Artery
B-738,AT2
B-739,Capillary
B-740,PatrolMac
B-741,Pericyte
B-742,Pericyte
B-743,MyoFB
B-744,AT2
B-745,Capillary
B-746,Pericyte
B-750,AT2
B-751,Pericyte
B-753,AlveolarFibroblast
B-754,Bcell
B-755,Pericyte
B-756,AT1
B-757,Vein
B-759,Artery
B-760,AT2
B-761,Artery
B-762,AirwayEpithelial
B-763,Bcell
B-764,Vein
B-765,Artery
B-766,mucosalDC
B-767,BronchoFibroblast
B-768,InflamMac
B-769,Capillary
B-770,AirwayEpithelial
B-771,BronchoFibroblast
B-772,Capillary
B-773,AirwayEpithelial
B-774,Artery
B-775,MyoFB
B-776,Pericyte
B-777,Artery
B-778,MyoFB
B-779,Pericyte
B-780,Vein
B-781,AlveolarMac
B-783,Vein
B-784,AT1
B-786,AlveolarMac
B-789,AT1
B-790,Bcell
B-791,AT2
B-792,AirwayEpithelial
B-794,Pericyte
B-795,Bcell
B-796,Artery
B-797,Tcell
B-798,AT1
B-799,Pericyte
B-801,Artery
B-802,Vein
B-803,InflamMac
B-805,Vein
B-806,Capillary
B-807,Pericyte
B-808,Artery
B-809,InflamMac
B-810,Pericyte
B-812,AlveolarFibroblast
B-813,MyoFB
B-814,InflamMac
B-815,InflamMac
B-816,Capillary
B-818,AT1
B-820,Pericyte
B-823,Artery
B-826,AT2
B-827,perivascularDC
B-829,Artery
B-832,Capillary
B-833,Artery
B-834,AT2
B-835,Vein
B-836,InflamMac
B-838,Bcell
B-839,Vein
B-842,Artery
B-843,Artery
B-844,Pericyte
B-845,Capillary
B-848,Vein
B-849,AT2
B-850,Vein
B-851,PatrolMac
B-853,AirwayEpithelial
B-854,Artery
B-856,AT2
B-857,AlveolarFibroblast
B-858,Pericyte
B-859,AT2
B-860,Pericyte
B-861,Vein
B-862,AirwayEpithelial
B-863,AlveolarFibroblast
B-866,Pericyte
B-868,AlveolarFibroblast
B-869,Pericyte
B-870,Artery
B-872,AT2
B-873,mucosalDC
B-874,Pericyte
B-876,MyoFB
B-877,AirwayEpithelial
B-880,AT2
B-881,Tcell
B-882,AirwayEpithelial
B-883,AirwayEpithelial
B-885,InflamMac
B-887,AT1
B-889,AT1
B-890,Artery
B-892,Artery
B-893,Pericyte
B-894,AT2
B-897,InflamMac
B-898,Artery
B-899,AT1
B-900,AT1
B-901,Pericyte
B-903,AlveolarFibroblast
B-905,AT2
B-906,AT1
B-907,Capillary
B-908,AirwayEpithelial
B-910,Pericyte
B-911,Capillary
B-913,Artery
B-914,AT1
B-915,Artery
B-916,Artery
B-917,Capillary
B-918,AT2
B-919,InflamMac
B-920,Capillary
B-922,Bcell
B-924,BronchoFibroblast
B-925,Pericyte
B-926,Vein
B-928,InflamMac
B-933,Artery
B-935,Artery
B-938,PatrolMac
B-941,MyoFB
B-943,AlveolarFibroblast
B-944,Capillary
B-945,Artery
B-946,InflamMac
B-947,AT1
B-948,Pericyte
B-949,Pericyte
B-951,AT2
B-952,AT2
B-953,Artery
B-956,Capillary
B-958,mucosalDC
B-960,Artery
B-961,AT2
B-966,AlveolarMac
B-968,Pericyte
B-972,Capillary
B-974,Capillary
B-975,AT1
B-979,AirwayEpithelial
B-980,Pericyte
B-981,Capillary
B-982,AT1
B-984,Bcell
B-985,SMC
B-986,AirwayEpithelial
B-987,AT1
B-988,AT1
B-991,Pericyte
B-992,PatrolMac
B-993,InterstitialMac
B-994,AlveolarFibroblast
B-995,Artery
B-996,AT2
B-997,Artery
B-998,Artery
B-1001,Pericyte
B-1002,Pericyte
B-1003,Artery
B-1004,AT1
B-1005,AT1
B-1006,InterstitialMac
B-1007,Vein
B-1008,Capillary
B-1011,InterstitialMac
B-1012,AT2
B-1013,AT1
B-1016,AirwayEpithelial
B-1020,MyoFB
B-1021,Neutrophil
B-1022,AT1
B-1024,MyoFB
B-1025,Pericyte
B-1027,PatrolMac
B-1029,Bcell
B-1031,SMC
B-1032,Capillary
B-1034,Capillary
B-1037,InterstitialMac
B-1038,Vein
B-1039,Vein
B-1042,SMC
B-1047,Capillary
B-1049,MyoFB
B-1050,InflamMac
B-1052,Artery
B-1054,MyoFB
B-1056,Artery
B-1058,Bcell
B-1059,MyoFB
B-1062,AlveolarMac
B-1065,Pericyte
B-1066,AlveolarMac
B-1067,AirwayEpithelial
B-1068,Artery
B-1069,Capillary
B-1071,Pericyte
B-1075,Capillary
B-1079,Artery
B-1080,Tcell
B-1082,AT1
B-1086,AlveolarFibroblast
B-1087,MyoFB
B-1088,AT2
B-1090,Artery
B-1091,AlveolarFibroblast
B-1092,InflamMac
B-1093,AT1
B-1094,Bcell
B-1096,Artery
B-1098,Bcell
B-1099,Artery
B-1100,Artery
B-1101,Vein
B-1102,Capillary
B-1103,MyoFB
B-1104,AT1
B-1105,AT1
B-1106,InflamMac
B-1107,InflamMac
B-1109,PatrolMac
B-1110,InflamMac
B-1111,MyoFB
B-1112,AT2
B-1113,Capillary
B-1114,Neutrophil
B-1116,Pericyte
B-1118,AlveolarMac
B-1119,PatrolMac
B-1121,Artery
B-1122,MyoFB
B-1124,MyoFB
B-1125,AT2
B-1126,Pericyte
B-1127,Pericyte
B-1128,AT1
B-1129,InflamMac
B-1130,AirwayEpithelial
B-1131,AT1
B-1132,Pericyte
B-1135,Pericyte
B-1136,Pericyte
B-1138,AT1
B-1141,Artery
B-1142,Artery
B-1143,Bcell
B-1144,MyoFB
B-1145,Vein
B-1146,Pericyte
B-1147,Capillary
B-1148,Vein
B-1149,AT1
B-1150,Pericyte
B-1153,Capillary
B-1154,SMC
B-1155,AlveolarMac
B-1158,Artery
B-1160,Pericyte
B-1162,Bcell
B-1163,AirwayEpithelial
B-1166,Pericyte
B-1168,Bcell
B-1170,Pericyte
B-1172,Pericyte
B-1174,AT1
B-1175,MyoFB
B-1177,Artery
B-1178,SMC
B-1179,Pericyte
B-1180,Artery
B-1181,Pericyte
B-1182,Pericyte
B-1184,Bcell
B-1187,Bcell
B-1188,AlveolarFibroblast
B-1189,AT2
B-1190,Pericyte
B-1191,Capillary
B-1193,Artery
B-1194,Artery
B-1195,Pericyte
B-1199,Capillary
B-1200,Capillary
B-1202,PatrolMac
B-1203,PatrolMac
B-1205,MyoFB
B-1206,AT2
B-1207,PatrolMac
B-1208,Pericyte
B-1210,SMC
B-1212,AirwayEpithelial
B-1213,Bcell
B-1216,Artery
B-1218,AT1
B-1219,AT1
B-1220,AirwayEpithelial
B-1221,AT2
B-1223,Pericyte
B-1227,Vein
B-1228,MyoFB
B-1235,AirwayEpithelial
B-1236,Artery
B-1238,AT1
B-1239,Artery
B-1240,AirwayEpithelial
B-1242,AirwayEpithelial
B-1243,AlveolarFibroblast
B-1248,MyoFB
B-1249,Bcell
B-1250,Artery
B-1251,MyoFB
B-1252,PatrolMac
B-1254,Vein
B-1256,MyoFB
B-1258,AT1
B-1259,Pericyte
B-1260,Artery
B-1262,Artery
B-1263,Artery
B-1265,Capillary
B-1266,Pericyte
B-1267,AT1
B-1268,AT1
B-1270,Pericyte
B-1271,Pericyte
B-1272,AT1
B-1274,Artery
B-1275,AT1
B-1276,PatrolMac
B-1277,AlveolarFibroblast
B-1278,Artery
B-1279,AT2
B-1280,InflamMac
B-1281,Artery
B-1282,Artery
B-1283,Bcell
B-1284,Pericyte
B-1287,Artery
B-1288,AT1
B-1293,AT2
B-1295,MyoFB
B-1296,MyoFB
B-1298,MyoFB
B-1299,Pericyte
B-1302,Artery
B-1304,Pericyte
B-1305,Capillary
B-1306,Artery
B-1307,Pericyte
B-1310,SMC
B-1311,AT1
B-1314,AT2
B-1315,perivascularDC
B-1316,Artery
B-1317,Pericyte
B-1319,Pericyte
B-1320,Capillary
B-1323,Pericyte
B-1326,AT2
B-1327,Pericyte
B-1332,AlveolarFibroblast
B-1337,AT2
B-1338,AirwayEpithelial
B-1339,AT1
B-1341,Pericyte
B-1344,MyoFB
B-1345,AlveolarMac
B-1346,Artery
B-1353,Vein
B-1355,Pericyte
B-1356,Pericyte
B-1357,Artery
B-1358,Artery
B-1359,Artery
B-1361,Pericyte
B-1362,Artery
B-1363,Pericyte
B-1365,Capillary
B-1366,Artery
B-1367,Artery
B-1368,Tcell
B-1369,AT2
B-1371,MyoFB
B-1373,Pericyte
B-1375,AT2
B-1377,Artery
B-1378,Pericyte
B-1381,Artery
B-1382,PatrolMac
B-1385,AlveolarFibroblast
B-1389,PatrolMac
B-1390,pDC
B-1391,AT1
B-1393,AT2
B-1394,AlveolarFibroblast
B-1395,Pericyte
B-1396,Artery
B-1399,Capillary
B-1400,Artery
B-1401,Artery
B-1404,SMC
B-1406,Capillary
B-1407,AT2
B-1408,Capillary
B-1416,AT1
B-1419,AirwayEpithelial
B-1423,SMC
B-1425,InflamMac
B-1428,AT2
B-1429,Artery
B-1430,MyoFB
B-1431,Artery
B-1434,Vein
B-1439,SMC
B-1442,AT2
B-1445,Capillary
B-1447,MyoFB
B-1455,AT2
B-1456,Bcell
B-1457,Artery
B-1458,MyoFB
B-1459,Vein
B-1460,Bcell
B-1461,Bcell
B-1462,InflamMac
B-1463,AT1
B-1464,AlveolarFibroblast
B-1465,MyoFB
B-1466,Tcell
B-1468,AT1
B-1470,PatrolMac
B-1472,Pericyte
B-1473,AirwayEpithelial
B-1474,AirwayEpithelial
B-1475,perivascularDC
B-1476,Pericyte
B-1477,Pericyte
B-1478,Capillary
B-1479,InflamMac
B-1480,Capillary
B-1481,Vein
B-1482,BronchoFibroblast
B-1483,BronchoFibroblast
B-1485,AirwayEpithelial
B-1486,AirwayEpithelial
B-1488,Pericyte
B-1489,AirwayEpithelial
B-1490,InflamMac
B-1491,Pericyte
B-1493,PatrolMac
B-1494,AirwayEpithelial
B-1495,Bcell
B-1497,Capillary
B-1498,AlveolarMac
B-1499,AirwayEpithelial
B-1500,AlveolarFibroblast
B-1501,AirwayEpithelial
B-1503,AT1
B-1504,BronchoFibroblast
B-1505,BronchoFibroblast
B-1506,AT1
B-1507,Capillary
B-1508,Artery
B-1510,AlveolarFibroblast
B-1511,Capillary
B-1512,InterstitialMac
B-1513,MyoFB
B-1514,Vein
B-1515,BronchoFibroblast
B-1516,Artery
B-1517,SMC
B-1519,Vein
B-1520,Tcell
B-1521,AT2
B-1522,Pericyte
B-1523,Tcell
B-1524,PatrolMac
B-1526,InflamMac
B-1528,AirwayEpithelial
B-1529,SMC
B-1531,AirwayEpithelial
B-1532,Pericyte
B-1533,AirwayEpithelial
B-1534,PatrolMac
B-1535,BronchoFibroblast
B-1536,PatrolMac
B-1538,Artery
B-1539,AT1
B-1540,Neutrophil
B-1542,Artery
B-1543,MyoFB
B-1544,Pericyte
B-1545,MyoFB
B-1546,InterstitialMac
B-1547,AirwayEpithelial
B-1548,AT1
B-1550,AirwayEpithelial
B-1551,Vein
B-1553,AT1
B-1555,BronchoFibroblast
B-1556,Pericyte
B-1557,AirwayEpithelial
B-1558,InterstitialMac
B-1560,Artery
B-1561,Pericyte
B-1562,AT1
B-1563,Artery
B-1564,Artery
B-1565,MyoFB
B-1566,Artery
B-1567,MyoFB
B-1569,SMC
B-1570,Capillary
B-1571,MyoFB
B-1573,AirwayEpithelial
B-1574,Artery
B-1575,AirwayEpithelial
B-1577,Tcell
B-1578,Pericyte
B-1579,InterstitialMac
B-1580,BronchoFibroblast
B-1581,Vein
B-1582,Pericyte
B-1583,PatrolMac
B-1584,Vein
B-1585,AlveolarMac
B-1586,Tcell
B-1587,Pericyte
B-1588,AirwayEpithelial
B-1589,Tcell
B-1590,AT2
B-1591,Capillary
B-1592,AirwayEpithelial
B-1595,AirwayEpithelial
B-1596,Vein
B-1598,PatrolMac
B-1600,Artery
B-1602,Artery
B-1603,Vein
B-1604,Vein
B-1605,PatrolMac
B-1606,InterstitialMac
B-1608,Capillary
B-1609,MyoFB
B-1611,SMC
B-1612,AirwayEpithelial
B-1613,Pericyte
B-1614,AlveolarFibroblast
B-1615,AT1
B-1617,MyoFB
B-1618,AT1
B-1619,Artery
B-1620,AlveolarFibroblast
B-1621,SMC
B-1622,Artery
B-1623,MyoFB
B-1624,Capillary
B-1625,Capillary
B-1627,InterstitialMac
B-1628,BronchoFibroblast
B-1629,AT1
B-1630,Pericyte
B-1631,Artery
B-1632,AirwayEpithelial
B-1633,Capillary
B-1634,Pericyte
B-1636,AirwayEpithelial
B-1637,Capillary
B-1638,SMC
B-1639,AirwayEpithelial
B-1640,Artery
B-1642,AT1
B-1643,Tcell
B-1645,Pericyte
B-1646,perivascularDC
B-1647,Tcell
B-1648,BronchoFibroblast
B-1649,SMC
B-1650,SMC
B-1653,AlveolarFibroblast
B-1654,Artery
B-1655,BronchoFibroblast
B-1656,Pericyte
B-1659,AT1
B-1661,AirwayEpithelial
B-1662,Pericyte
B-1663,PatrolMac
B-1664,AT2
B-1666,Artery
B-1667,Vein
B-1668,PatrolMac
B-1669,SMC
B-1670,SMC
B-1672,SMC
B-1673,MyoFB
B-1674,InflamMac
B-1676,Capillary
B-1677,AlveolarFibroblast
B-1678,Bcell
B-1680,MyoFB
B-1681,AlveolarFibroblast
B-1682,Vein
B-1684,Capillary
B-1685,InflamMac
B-1686,AirwayEpithelial
B-1689,Vein
B-1691,AirwayEpithelial
B-1692,AirwayEpithelial
B-1693,SMC
B-1694,InterstitialMac
B-1695,AirwayEpithelial
B-1696,AlveolarFibroblast
B-1697,AirwayEpithelial
B-1698,Capillary
B-1699,AirwayEpithelial
B-1700,AirwayEpithelial
B-1701,SMC
B-1702,Artery
B-1703,AirwayEpithelial
B-1704,SMC
B-1705,AirwayEpithelial
B-1708,AirwayEpithelial
B-1709,Vein
B-1710,AT1
B-1711,Vein
B-1712,AirwayEpithelial
B-1713,Vein
B-1715,AlveolarMac
B-1717,Capillary
B-1718,AirwayEpithelial
B-1720,InterstitialMac
B-1721,PatrolMac
B-1722,Vein
B-1723,AT2
B-1724,AlveolarFibroblast
B-1726,AirwayEpithelial
B-1727,Pericyte
B-1729,Capillary
B-1731,perivascularDC
B-1732,Artery
B-1733,AirwayEpithelial
B-1734,Tcell
B-1735,AirwayEpithelial
B-1736,Artery
B-1737,PatrolMac
B-1739,Pericyte
B-1740,AirwayEpithelial
B-1742,MyoFB
B-1743,AT2
B-1744,Vein
B-1745,AirwayEpithelial
B-1746,AirwayEpithelial
B-1747,MyoFB
B-1749,AirwayEpithelial
B-1750,AT1
B-1753,SMC
B-1754,AT1
B-1755,AT1
B-1759,perivascularDC
B-1760,BronchoFibroblast
B-1761,Artery
B-1762,InflamMac
B-1763,AirwayEpithelial
B-1765,AirwayEpithelial
B-1766,AirwayEpithelial
B-1767,Vein
B-1768,BronchoFibroblast
B-1771,InterstitialMac
B-1773,AirwayEpithelial
B-1775,MyoFB
B-1776,BronchoFibroblast
B-1778,Artery
B-1780,AirwayEpithelial
B-1781,Capillary
B-1782,AlveolarMac
B-1785,InterstitialMac
B-1788,SMC
B-1789,SMC
B-1790,InflamMac
B-1793,SMC
B-1794,AirwayEpithelial
B-1795,Pericyte
B-1796,InterstitialMac
B-1797,Tcell
B-1800,AT2
B-1804,Capillary
B-1805,Tcell
B-1806,SMC
B-1808,Capillary
B-1809,Capillary
B-1810,AirwayEpithelial
B-1811,Pericyte
B-1812,BronchoFibroblast
B-1813,AlveolarFibroblast
B-1815,BronchoFibroblast
B-1816,MyoFB
B-1818,Pericyte
B-1819,BronchoFibroblast
B-1821,AirwayEpithelial
B-1824,AT1
B-1825,InflamMac
B-1829,Tcell
B-1830,SMC
B-1831,BronchoFibroblast
B-1832,SMC
B-1835,AirwayEpithelial
B-1836,AirwayEpithelial
B-1837,AirwayEpithelial
B-1838,Artery
B-1839,AirwayEpithelial
B-1840,SMC
B-1841,Pericyte
B-1842,InterstitialMac
B-1843,SMC
B-1844,InflamMac
B-1845,AT2
B-1848,SMC
B-1849,Capillary
B-1851,Capillary
B-1852,PatrolMac
B-1854,AirwayEpithelial
B-1860,AirwayEpithelial
B-1862,MyoFB
B-1867,BronchoFibroblast
B-1868,AlveolarMac
B-1870,MyoFB
B-1871,AirwayEpithelial
B-1872,AirwayEpithelial
B-1873,Artery
B-1875,Tcell
B-1876,SMC
B-1878,AirwayEpithelial
B-1880,AirwayEpithelial
B-1882,Tcell
B-1883,Tcell
B-1885,Capillary
B-1886,AT2
B-1887,BronchoFibroblast
B-1888,Pericyte
B-1889,Vein
B-1890,Vein
B-1892,Artery
B-1894,Capillary
B-1895,Artery
B-1897,AirwayEpithelial
B-1902,AT2
B-1905,SMC
B-1906,Tcell
B-1911,AirwayEpithelial
B-1912,AirwayEpithelial
B-1913,Vein
B-1917,AirwayEpithelial
B-1920,Tcell
B-1921,BronchoFibroblast
B-1922,InflamMac
B-1923,MyoFB
B-1924,Tcell
B-1925,SMC
B-1927,Tcell
B-1928,Bcell
B-1929,Tcell
B-1930,Vein
B-1931,AlveolarFibroblast
B-1933,AirwayEpithelial
B-1935,AirwayEpithelial
B-1936,AirwayEpithelial
B-1938,Pericyte
B-1939,Neutrophil
B-1940,AirwayEpithelial
B-1941,AirwayEpithelial
B-1942,Capillary
B-1943,MyoFB
B-1944,Tcell
B-1945,AirwayEpithelial
B-1946,Tcell
B-1947,Vein
B-1948,Pericyte
B-1949,AirwayEpithelial
B-1950,PatrolMac
B-1951,Tcell
B-1952,MyoFB
B-1953,AirwayEpithelial
B-1954,AirwayEpithelial
B-1955,AirwayEpithelial
B-1956,Tcell
B-1958,Capillary
B-1960,Tcell
B-1961,Capillary
B-1962,Capillary
B-1963,BronchoFibroblast
B-1964,AirwayEpithelial
B-1965,Tcell
B-1967,Neutrophil
B-1968,Capillary
B-1970,AlveolarMac
B-1971,Tcell
B-1972,AirwayEpithelial
B-1973,AlveolarFibroblast
B-1974,AlveolarFibroblast
B-1975,AirwayEpithelial
B-1977,Capillary
B-1978,Tcell
B-1979,BronchoFibroblast
B-1981,Tcell
B-1982,AirwayEpithelial
B-1983,Capillary
B-1984,BronchoFibroblast
B-1985,AT1
B-1987,Capillary
B-1989,Tcell
B-1990,AirwayEpithelial
B-1991,AirwayEpithelial
B-1992,AirwayEpithelial
B-1993,MyoFB
B-1996,Capillary
B-1997,Tcell
B-1999,AirwayEpithelial
B-2000,AirwayEpithelial
B-2001,Tcell
B-2003,AirwayEpithelial
B-2005,AirwayEpithelial
B-2006,AirwayEpithelial
B-2007,SMC
B-2008,Capillary
B-2010,SMC
B-2013,MyoFB
B-2014,InflamMac
B-2015,Tcell
B-2016,AirwayEpithelial
B-2017,Tcell
B-2020,AirwayEpithelial
B-2021,Tcell
B-2022,SMC
B-2023,AirwayEpithelial
B-2024,Capillary
B-2025,Tcell
B-2026,AirwayEpithelial
B-2027,Pericyte
B-2028,AlveolarMac
B-2030,AirwayEpithelial
B-2031,AirwayEpithelial
B-2033,AirwayEpithelial
B-2034,AirwayEpithelial
B-2035,Tcell
B-2036,AirwayEpithelial
B-2037,Tcell
B-2039,AirwayEpithelial
B-2040,AirwayEpithelial
B-2041,AirwayEpithelial
B-2042,Neutrophil
B-2043,Capillary
B-2044,Tcell
B-2045,Pericyte
B-2046,Tcell
B-2047,Tcell
B-2048,Pericyte
B-2049,Pericyte
B-2052,AirwayEpithelial
B-2053,AirwayEpithelial
B-2054,AirwayEpithelial
B-2056,Capillary
B-2057,Tcell
B-2058,MyoFB
B-2059,AirwayEpithelial
B-2060,AirwayEpithelial
B-2061,AirwayEpithelial
B-2062,Tcell
B-2063,AirwayEpithelial
B-2064,AirwayEpithelial
B-2065,Tcell
B-2066,AirwayEpithelial
B-2067,InflamMac
B-2069,AirwayEpithelial
B-2070,Capillary
B-2071,Tcell
B-2073,AirwayEpithelial
B-2074,AirwayEpithelial
B-2075,Capillary
B-2076,Tcell
B-2079,AT1
B-2081,AirwayEpithelial
B-2082,AirwayEpithelial
B-2083,AlveolarFibroblast
B-2086,InterstitialMac
B-2087,Tcell
B-2088,Tcell
B-2089,Tcell
B-2090,Tcell
B-2091,AirwayEpithelial
B-2092,MyoFB
B-2093,AirwayEpithelial
B-2094,Pericyte
B-2095,Capillary
B-2096,AirwayEpithelial
B-2098,AirwayEpithelial
B-2099,AirwayEpithelial
B-2100,AT1
B-2101,AT1
B-2102,Tcell
B-2103,InflamMac
B-2104,AirwayEpithelial
B-2105,Capillary
B-2107,Tcell
B-2108,Capillary
B-2109,AirwayEpithelial
B-2110,Tcell
B-2111,Capillary
B-2116,Tcell
B-2117,Capillary
B-2118,AirwayEpithelial
B-2120,Capillary
B-2123,SMC
B-2124,AirwayEpithelial
B-2126,Capillary
B-2127,Capillary
B-2129,AirwayEpithelial
B-2131,AirwayEpithelial
B-2132,Tcell
B-2133,AT1
B-2134,AirwayEpithelial
B-2135,AT1
B-2136,Capillary
B-2140,Artery
B-2141,AirwayEpithelial
B-2143,AirwayEpithelial
B-2144,AirwayEpithelial
B-2145,Tcell
B-2147,Capillary
B-2148,AirwayEpithelial
B-2150,AirwayEpithelial
B-2151,AirwayEpithelial
B-2152,AirwayEpithelial
B-2154,Capillary
B-2155,Capillary
B-2156,SMC
B-2157,Tcell
B-2159,Capillary
B-2160,SMC
B-2162,Tcell
B-2163,AirwayEpithelial
B-2164,Capillary
B-2166,Capillary
B-2167,Tcell
B-2168,AirwayEpithelial
B-2169,AlveolarFibroblast
B-2171,Tcell
B-2172,Tcell
B-2173,AirwayEpithelial
B-2174,MyoFB
B-2176,Artery
B-2177,Tcell
B-2178,AirwayEpithelial
B-2179,Capillary
B-2180,Neutrophil
B-2182,AirwayEpithelial
B-2183,Tcell
B-2185,Capillary
B-2188,AirwayEpithelial
B-2189,Tcell
B-2191,AirwayEpithelial
B-2194,Tcell
B-2195,Tcell
B-2196,AlveolarFibroblast
B-2197,SMC
B-2198,AirwayEpithelial
B-2199,Tcell
B-2200,Tcell
B-2201,AirwayEpithelial
B-2202,Artery
B-2203,AirwayEpithelial
B-2204,Tcell
B-2205,Capillary
B-2206,AirwayEpithelial
B-2208,AirwayEpithelial
B-2210,Neutrophil
B-2211,AirwayEpithelial
B-2212,Tcell
B-2217,AirwayEpithelial
B-2218,AirwayEpithelial
B-2219,Tcell
B-2221,AirwayEpithelial
B-2224,AirwayEpithelial
B-2228,AirwayEpithelial
B-2230,AT1
B-2231,AirwayEpithelial
B-2232,Tcell
B-2236,BronchoFibroblast
B-2239,AirwayEpithelial
B-2240,AirwayEpithelial
B-2241,Neutrophil
B-2242,Tcell
B-2243,Capillary
B-2244,Tcell
B-2245,Capillary
B-2246,Capillary
B-2247,AT1
B-2248,MyoFB
B-2251,AirwayEpithelial
B-2252,Capillary
B-2254,Capillary
B-2256,AirwayEpithelial
B-2258,AT2
B-2260,Tcell
B-2261,AirwayEpithelial
B-2263,AirwayEpithelial
B-2265,InflamMac
B-2266,Tcell
B-2267,Capillary
B-2271,AirwayEpithelial
B-2273,Capillary
B-2274,AirwayEpithelial
B-2275,AirwayEpithelial
B-2277,AirwayEpithelial
B-2279,AirwayEpithelial
B-2282,AlveolarFibroblast
B-2283,AirwayEpithelial
B-2284,AirwayEpithelial
B-2285,AirwayEpithelial
B-2286,AirwayEpithelial
B-2287,AirwayEpithelial
B-2288,InflamMac
B-2289,Tcell
B-2290,AirwayEpithelial
B-2291,InterstitialMac
B-2293,AirwayEpithelial
B-2294,AirwayEpithelial
B-2298,Pericyte
B-2299,AlveolarMac
B-2301,AT1
B-2302,PatrolMac
B-2303,AT1
B-2304,InflamMac
B-2305,Bcell
B-2306,Capillary
B-2308,Bcell
B-2309,AT2
B-2312,PatrolMac
B-2313,AT2
B-2314,AT1
B-2315,Capillary
B-2316,AT1
B-2318,AT1
B-2319,AirwayEpithelial
B-2320,MyoFB
B-2321,PatrolMac
B-2323,AT1
B-2324,Capillary
B-2326,Vein
B-2329,PatrolMac
B-2330,Artery
B-2332,AlveolarMac
B-2333,Artery
B-2334,Pericyte
B-2335,InterstitialMac
B-2337,AlveolarFibroblast
B-2339,PatrolMac
B-2340,Bcell
B-2341,Capillary
B-2342,MyoFB
B-2343,Artery
B-2344,AT2
B-2345,AlveolarFibroblast
B-2350,mucosalDC
B-2351,MyoFB
B-2352,Pericyte
B-2354,Pericyte
B-2355,Vein
B-2356,AirwayEpithelial
B-2357,AT2
B-2361,AlveolarFibroblast
B-2362,InflamMac
B-2365,PatrolMac
B-2368,Artery
B-2369,Vein
B-2370,InflamMac
B-2371,PatrolMac
B-2372,Vein
B-2373,Pericyte
B-2374,AT2
B-2376,Capillary
B-2377,Vein
B-2378,AlveolarFibroblast
B-2380,AlveolarFibroblast
B-2381,MyoFB
B-2382,AT2
B-2383,AT1
B-2384,AT1
B-2388,MyoFB
B-2391,Vein
B-2393,AT1
B-2395,AT1
B-2396,AT1
B-2397,Bcell
B-2398,Capillary
B-2401,PatrolMac
B-2402,Vein
B-2404,Vein
B-2405,Artery
B-2406,AT1
B-2407,Bcell
B-2408,Pericyte
B-2410,Neutrophil
B-2414,AT2
B-2415,MyoFB
B-2416,AT1
B-2417,Pericyte
B-2418,Pericyte
B-2419,AlveolarFibroblast
B-2420,Capillary
B-2421,Tcell
B-2422,AirwayEpithelial
B-2423,InflamMac
B-2424,SMC
B-2425,AlveolarFibroblast
B-2427,Pericyte
B-2428,Artery
B-2429,AT1
B-2430,SMC
B-2431,AlveolarMac
B-2432,Artery
B-2436,Artery
B-2438,Bcell
B-2439,AT2
B-2441,MyoFB
B-2442,SMC
B-2443,Pericyte
B-2444,MyoFB
B-2447,Vein
B-2448,AT2
B-2449,AirwayEpithelial
B-2450,MyoFB
B-2453,AT2
B-2455,AlveolarFibroblast
B-2456,Capillary
B-2457,Neutrophil
B-2458,Vein
B-2459,Artery
B-2460,Artery
B-2461,AT1
B-2463,Vein
B-2464,AT2
B-2465,Vein
B-2466,AT2
B-2469,InflamMac
B-2471,MyoFB
B-2472,Bcell
B-2473,Capillary
B-2475,Pericyte
B-2477,Artery
B-2480,Pericyte
B-2481,Pericyte
B-2483,AirwayEpithelial
B-2484,Pericyte
B-2485,AirwayEpithelial
B-2489,AT1
B-2490,InflamMac
B-2492,AirwayEpithelial
B-2494,AT2
B-2495,mucosalDC
B-2496,Artery
B-2497,Artery
B-2498,Capillary
B-2499,PatrolMac
B-2500,InflamMac
B-2501,Pericyte
B-2502,Tcell
B-2503,AlveolarFibroblast
B-2504,Pericyte
B-2505,Artery
B-2506,AT1
B-2507,Artery
B-2509,Bcell
B-2510,InflamMac
B-2511,Capillary
B-2513,Pericyte
B-2514,Artery
B-2517,MyoFB
B-2518,Vein
B-2519,AT1
B-2520,AirwayEpithelial
B-2521,Artery
B-2522,PatrolMac
B-2524,MyoFB
B-2529,Vein
B-2530,Vein
B-2532,AT1
B-2533,AT1
B-2534,PatrolMac
B-2535,SMC
B-2538,AirwayEpithelial
B-2539,InflamMac
B-2540,AirwayEpithelial
B-2542,Pericyte
B-2543,Artery
B-2544,Artery
B-2545,AlveolarFibroblast
B-2547,Pericyte
B-2549,InterstitialMac
B-2550,Pericyte
B-2551,Artery
B-2558,InflamMac
B-2559,Vein
B-2562,pDC
B-2563,InflamMac
B-2564,AlveolarFibroblast
B-2565,SMC
B-2567,Capillary
B-2571,Bcell
B-2574,Vein
B-2575,Pericyte
B-2579,Artery
B-2580,AirwayEpithelial
B-2581,AlveolarFibroblast
B-2582,Capillary
B-2584,Capillary
B-2585,MyoFB
B-2586,Artery
B-2589,PatrolMac
B-2590,Neutrophil
B-2593,AT1
B-2594,InterstitialMac
B-2595,Capillary
B-2597,Vein
B-2598,Artery
B-2600,AirwayEpithelial
B-2603,Artery
B-2605,Artery
B-2607,AT1
B-2610,Artery
B-2611,AirwayEpithelial
B-2616,AT2
B-2617,MyoFB
B-2627,AlveolarFibroblast
B-2628,Tcell
B-2629,Pericyte
B-2630,Pericyte
B-2631,Tcell
B-2632,Pericyte
B-2633,Tcell
B-2635,Tcell
B-2637,AirwayEpithelial
B-2638,Capillary
B-2639,Tcell
B-2640,AirwayEpithelial
B-2641,Tcell
B-2642,Pericyte
B-2645,Tcell
B-2646,AirwayEpithelial
B-2648,AT1
B-2649,Neutrophil
B-2650,Pericyte
B-2651,Capillary
B-2652,AirwayEpithelial
B-2653,BronchoFibroblast
B-2655,AlveolarFibroblast
B-2656,Capillary
B-2657,Tcell
B-2658,mucosalDC
B-2659,AlveolarFibroblast
B-2661,Tcell
B-2662,Tcell
B-2663,Neutrophil
B-2664,Bcell
B-2665,AirwayEpithelial
B-2666,Neutrophil
B-2667,Tcell
B-2669,AlveolarFibroblast
B-2670,AirwayEpithelial
B-2671,AirwayEpithelial
B-2672,SMC
B-2673,AirwayEpithelial
B-2674,Bcell
B-2676,Bcell
B-2677,mucosalDC
B-2679,Capillary
B-2680,AlveolarFibroblast
B-2681,AirwayEpithelial
B-2683,SMC
B-2685,Capillary
B-2686,Tcell
B-2687,AirwayEpithelial
B-2688,AirwayEpithelial
B-2689,Capillary
B-2690,AirwayEpithelial
B-2691,BronchoFibroblast
B-2694,AirwayEpithelial
B-2695,Tcell
B-2696,Tcell
B-2697,AirwayEpithelial
B-2698,AT2
B-2699,AirwayEpithelial
B-2700,Tcell
B-2701,AirwayEpithelial
B-2702,SMC
B-2703,Pericyte
B-2704,Capillary
B-2705,Capillary
B-2706,MyoFB
B-2707,Tcell
B-2708,AirwayEpithelial
B-2709,AirwayEpithelial
B-2710,AirwayEpithelial
B-2711,AirwayEpithelial
B-2712,BronchoFibroblast
B-2713,BronchoFibroblast
B-2714,SMC
B-2715,Tcell
B-2716,Capillary
B-2717,Tcell
B-2719,SMC
B-2720,Tcell
B-2722,AirwayEpithelial
B-2723,Capillary
B-2724,Capillary
B-2725,SMC
B-2726,Tcell
B-2727,Tcell
B-2728,MyoFB
B-2729,Pericyte
B-2730,Capillary
B-2731,MyoFB
B-2732,SMC
B-2733,Tcell
B-2734,AirwayEpithelial
B-2735,AirwayEpithelial
B-2737,mucosalDC
B-2738,AirwayEpithelial
B-2739,Artery
B-2740,Vein
B-2741,Tcell
B-2743,PatrolMac
B-2744,AirwayEpithelial
B-2745,AlveolarMac
B-2746,Capillary
B-2747,Neutrophil
B-2748,Capillary
B-2749,Capillary
B-2750,Tcell
B-2751,Vein
B-2752,mucosalDC
B-2754,AlveolarFibroblast
B-2755,BronchoFibroblast
B-2756,AirwayEpithelial
B-2757,Tcell
B-2758,AirwayEpithelial
B-2760,AirwayEpithelial
B-2761,Tcell
B-2762,Tcell
B-2763,MyoFB
B-2764,Pericyte
B-2765,Bcell
B-2766,Tcell
B-2767,Bcell
B-2768,Pericyte
B-2769,AirwayEpithelial
B-2770,SMC
B-2771,InflamMac
B-2773,InterstitialMac
B-2774,Capillary
B-2775,AirwayEpithelial
B-2776,AirwayEpithelial
B-2777,Tcell
B-2778,SMC
B-2779,MyoFB
B-2780,AirwayEpithelial
B-2781,SMC
B-2784,Tcell
B-2785,Tcell
B-2786,SMC
B-2787,AirwayEpithelial
B-2788,Tcell
B-2789,AlveolarFibroblast
B-2790,SMC
B-2791,AT1
B-2792,BronchoFibroblast
B-2793,Neutrophil
B-2794,AirwayEpithelial
B-2795,SMC
B-2796,Neutrophil
B-2797,SMC
B-2798,BronchoFibroblast
B-2799,Tcell
B-2800,Tcell
B-2801,AirwayEpithelial
B-2802,AirwayEpithelial
B-2804,AlveolarFibroblast
B-2805,Vein
B-2807,Tcell
B-2808,Capillary
B-2809,Capillary
B-2810,InflamMac
B-2811,Artery
B-2812,Tcell
B-2813,AlveolarFibroblast
B-2814,Tcell
B-2815,Tcell
B-2816,Tcell
B-2817,Capillary
B-2819,PatrolMac
B-2820,AirwayEpithelial
B-2821,AirwayEpithelial
B-2822,AirwayEpithelial
B-2823,Tcell
B-2824,Capillary
B-2825,AirwayEpithelial
B-2826,AirwayEpithelial
B-2827,SMC
B-2828,Tcell
B-2829,Tcell
B-2830,AlveolarFibroblast
B-2831,MyoFB
B-2833,Tcell
B-2834,InterstitialMac
B-2835,Tcell
B-2836,Capillary
B-2837,AirwayEpithelial
B-2838,InterstitialMac
B-2839,SMC
B-2841,AlveolarMac
B-2842,Tcell
B-2843,AirwayEpithelial
B-2844,AirwayEpithelial
B-2845,Tcell
B-2846,Tcell
B-2847,InterstitialMac
B-2848,Tcell
B-2849,BronchoFibroblast
B-2850,Pericyte
B-2852,Tcell
B-2853,AirwayEpithelial
B-2854,SMC
B-2857,AlveolarFibroblast
B-2858,InterstitialMac
B-2859,SMC
B-2860,AirwayEpithelial
B-2861,Capillary
B-2862,Capillary
B-2863,BronchoFibroblast
B-2865,Tcell
B-2866,MyoFB
B-2867,SMC
B-2869,Capillary
B-2870,SMC
B-2872,Tcell
B-2873,BronchoFibroblast
B-2874,AirwayEpithelial
B-2875,Capillary
B-2876,Artery
B-2877,MyoFB
B-2878,Capillary
B-2879,Tcell
B-2880,Tcell
B-2882,AirwayEpithelial
B-2883,Neutrophil
B-2884,Tcell
B-2887,Tcell
B-2888,Tcell
B-2889,mucosalDC
B-2890,SMC
B-2891,Neutrophil
B-2892,Capillary
B-2894,AirwayEpithelial
B-2895,AirwayEpithelial
B-2896,AirwayEpithelial
B-2897,Tcell
B-2898,Tcell
B-2899,AirwayEpithelial
B-2901,Capillary
B-2902,Tcell
B-2903,AirwayEpithelial
B-2905,Tcell
B-2906,MyoFB
B-2907,AirwayEpithelial
B-2909,Neutrophil
B-2911,AlveolarFibroblast
B-2912,BronchoFibroblast
B-2914,AirwayEpithelial
B-2917,AirwayEpithelial
B-2918,Tcell
B-2919,AlveolarFibroblast
B-2921,AirwayEpithelial
B-2922,Neutrophil
B-2923,AirwayEpithelial
B-2924,AirwayEpithelial
B-2926,Tcell
B-2927,Tcell
B-2929,Neutrophil
B-2930,BronchoFibroblast
B-2931,AirwayEpithelial
B-2933,Neutrophil
B-2934,AirwayEpithelial
B-2935,AirwayEpithelial
B-2936,Tcell
B-2937,Capillary
B-2938,SMC
B-2939,Tcell
B-2940,Neutrophil
B-2941,SMC
B-2942,Tcell
B-2943,InflamMac
B-2944,InflamMac
B-2945,InflamMac
B-2946,AirwayEpithelial
B-2947,Tcell
B-2948,Tcell
B-2949,AirwayEpithelial
B-2950,mucosalDC
B-2951,Capillary
B-2952,Tcell
B-2953,Neutrophil
B-2954,AT2
B-2956,AirwayEpithelial
B-2957,AirwayEpithelial
B-2958,SMC
B-2959,SMC
B-2960,Capillary
B-2961,MyoFB
B-2962,AirwayEpithelial
B-2964,Tcell
B-2965,mucosalDC
B-2967,Capillary
B-2968,SMC
B-2973,Capillary
B-2974,Capillary
B-2976,Capillary
B-2979,Capillary
B-2982,Capillary
B-2984,Neutrophil
B-2985,SMC
B-2986,SMC
B-2987,Capillary
B-2988,Capillary
B-2989,SMC
B-2990,Capillary
B-2991,AirwayEpithelial
B-2992,Capillary
B-2993,AirwayEpithelial
B-2995,Capillary
B-3000,Capillary
B-3004,AirwayEpithelial
B-3005,Capillary
B-3007,Tcell
B-3008,Neutrophil
B-3012,Capillary
B-3014,Vein
B-3016,InterstitialMac
B-3017,Capillary
B-3018,Capillary
B-3020,AirwayEpithelial
B-3022,Capillary
B-3023,Neutrophil
B-3029,Capillary
B-3030,Tcell
B-3032,AirwayEpithelial
B-3033,Capillary
B-3035,AirwayEpithelial
B-3038,MyoFB
B-3041,Tcell
B-3043,Neutrophil
B-3046,InterstitialMac
B-3047,AirwayEpithelial
B-3051,Tcell
B-3054,Capillary
B-3059,mucosalDC
B-3061,Capillary
B-3064,Neutrophil
B-3066,Capillary
B-3067,AirwayEpithelial
B-3068,Capillary
B-3070,Capillary
B-3071,Capillary
B-3073,AirwayEpithelial
B-3076,Tcell
B-3078,Capillary
B-3079,AT1
B-3081,Tcell
B-3082,AirwayEpithelial
B-3083,AlveolarFibroblast
B-3084,AlveolarFibroblast
B-3085,AirwayEpithelial
B-3086,AlveolarFibroblast
B-3087,AirwayEpithelial
B-3088,AT2
B-3089,Tcell
B-3090,AirwayEpithelial
B-3091,AirwayEpithelial
B-3092,InterstitialMac
B-3093,AirwayEpithelial
B-3094,Capillary
B-3095,AirwayEpithelial
B-3096,Capillary
B-3097,Capillary
B-3098,SMC
B-3100,Artery
B-3101,AlveolarFibroblast
B-3102,Artery
B-3103,Tcell
B-3104,AirwayEpithelial
B-3106,SMC
B-3109,SMC
B-3110,Tcell
B-3111,Artery
B-3112,Capillary
B-3113,Tcell
B-3115,AirwayEpithelial
B-3116,Pericyte
B-3117,Capillary
B-3118,SMC
B-3119,AirwayEpithelial
B-3120,Artery
B-3121,Tcell
B-3122,Tcell
B-3124,AirwayEpithelial
B-3125,AirwayEpithelial
B-3128,AirwayEpithelial
B-3130,Tcell
B-3131,MyoFB
B-3132,AirwayEpithelial
B-3133,Capillary
B-3134,Tcell
B-3135,BronchoFibroblast
B-3137,AirwayEpithelial
B-3138,Tcell
B-3139,Tcell
B-3140,Tcell
B-3141,AirwayEpithelial
B-3143,AirwayEpithelial
B-3144,Artery
B-3146,Capillary
B-3147,Tcell
B-3148,Bcell
B-3149,AirwayEpithelial
B-3152,Tcell
B-3155,Tcell
B-3156,Pericyte
B-3157,Tcell
B-3159,Tcell
B-3160,Tcell
B-3161,Pericyte
B-3162,MyoFB
B-3163,Capillary
B-3164,Tcell
B-3166,InflamMac
B-3167,BronchoFibroblast
B-3169,Bcell
B-3170,BronchoFibroblast
B-3171,Tcell
B-3172,Tcell
B-3173,Capillary
B-3174,MyoFB
B-3175,Tcell
B-3176,PatrolMac
B-3177,Capillary
B-3178,Tcell
B-3179,BronchoFibroblast
B-3182,Artery
B-3183,AirwayEpithelial
B-3184,Capillary
B-3185,MyoFB
B-3186,AirwayEpithelial
B-3187,AirwayEpithelial
B-3188,InflamMac
B-3189,AlveolarFibroblast
B-3190,Capillary
B-3191,Pericyte
B-3192,AirwayEpithelial
B-3193,Tcell
B-3194,AirwayEpithelial
B-3195,Tcell
B-3197,InflamMac
B-3198,Capillary
B-3199,AT1
B-3200,Tcell
B-3204,AlveolarMac
B-3206,BronchoFibroblast
B-3207,InflamMac
B-3209,AirwayEpithelial
B-3210,MyoFB
B-3211,Tcell
B-3214,SMC
B-3215,AT1
B-3216,Capillary
B-3217,Tcell
B-3218,AirwayEpithelial
B-3219,Artery
B-3220,AlveolarMac
B-3221,AirwayEpithelial
B-3223,BronchoFibroblast
B-3224,Capillary
B-3225,AirwayEpithelial
B-3226,SMC
B-3228,MyoFB
B-3231,Capillary
B-3232,perivascularDC
B-3233,Tcell
B-3235,Bcell
B-3236,MyoFB
B-3238,Tcell
B-3239,Capillary
B-3241,AirwayEpithelial
B-3242,AirwayEpithelial
B-3245,Tcell
B-3247,Capillary
B-3249,Artery
B-3250,Pericyte
B-3251,AirwayEpithelial
B-3253,AT1
B-3254,AlveolarFibroblast
B-3255,Capillary
B-3256,MyoFB
B-3257,PatrolMac
B-3258,Artery
B-3260,AirwayEpithelial
B-3262,AirwayEpithelial
B-3263,Tcell
B-3264,SMC
B-3265,Tcell
B-3267,Capillary
B-3269,Pericyte
B-3271,Vein
B-3273,InflamMac
B-3274,Tcell
B-3275,Tcell
B-3276,Capillary
B-3277,AT1
B-3279,Tcell
B-3280,BronchoFibroblast
B-3281,AirwayEpithelial
B-3282,BronchoFibroblast
B-3283,AirwayEpithelial
B-3284,AirwayEpithelial
B-3285,AirwayEpithelial
B-3287,Artery
B-3288,AirwayEpithelial
B-3289,AirwayEpithelial
B-3290,AirwayEpithelial
B-3291,MyoFB
B-3292,AlveolarMac
B-3294,Capillary
B-3297,SMC
B-3300,MyoFB
B-3302,Tcell
B-3303,SMC
B-3304,Tcell
B-3305,BronchoFibroblast
B-3306,Tcell
B-3307,AirwayEpithelial
B-3308,Artery
B-3310,SMC
B-3311,Pericyte
B-3312,Tcell
B-3313,AirwayEpithelial
B-3314,AT1
B-3316,Tcell
B-3317,SMC
B-3318,Tcell
B-3319,Pericyte
B-3320,AirwayEpithelial
B-3322,AirwayEpithelial
B-3324,perivascularDC
B-3325,Neutrophil
B-3327,BronchoFibroblast
B-3328,SMC
B-3329,Tcell
B-3330,AirwayEpithelial
B-3331,Tcell
B-3332,Tcell
B-3333,Tcell
B-3334,Artery
B-3335,Tcell
B-3336,Tcell
B-3338,InterstitialMac
B-3339,InflamMac
B-3340,AlveolarFibroblast
B-3341,Tcell
B-3342,AlveolarFibroblast
B-3343,AirwayEpithelial
B-3344,Capillary
B-3345,AirwayEpithelial
B-3346,Capillary
B-3347,Capillary
B-3348,BronchoFibroblast
B-3349,Tcell
B-3350,SMC
B-3353,Capillary
B-3354,Artery
B-3355,Capillary
B-3356,Tcell
B-3357,Tcell
B-3358,AirwayEpithelial
B-3359,AT2
B-3360,Capillary
B-3363,Pericyte
B-3364,Tcell
B-3365,BronchoFibroblast
B-3366,AT1
B-3367,Capillary
B-3368,Tcell
B-3369,Tcell
B-3370,AirwayEpithelial
B-3371,Tcell
B-3373,PatrolMac
B-3375,Tcell
B-3376,SMC
B-3377,Artery
B-3379,Bcell
B-3381,Capillary
B-3383,AirwayEpithelial
B-3384,AirwayEpithelial
B-3385,AirwayEpithelial
B-3386,Tcell
B-3387,AirwayEpithelial
B-3389,AirwayEpithelial
B-3390,BronchoFibroblast
B-3391,Tcell
B-3392,Tcell
B-3393,AirwayEpithelial
B-3397,AlveolarFibroblast
B-3398,Tcell
B-3399,AirwayEpithelial
B-3400,AT1
B-3401,AT2
B-3402,AirwayEpithelial
B-3403,AirwayEpithelial
B-3407,Tcell
B-3409,Capillary
B-3411,AirwayEpithelial
B-3412,Capillary
B-3413,Tcell
B-3414,AlveolarFibroblast
B-3416,AirwayEpithelial
B-3418,AlveolarMac
B-3419,AT2
B-3421,Tcell
B-3422,AirwayEpithelial
B-3426,InflamMac
B-3427,AirwayEpithelial
B-3428,InflamMac
B-3429,MyoFB
B-3432,Capillary
B-3436,AlveolarFibroblast
B-3437,AT1
B-3439,SMC
B-3440,AlveolarMac
B-3443,AirwayEpithelial
B-3445,MyoFB
B-3446,Capillary
B-3447,AirwayEpithelial
B-3448,Tcell
B-3449,AirwayEpithelial
B-3450,Capillary
B-3451,BronchoFibroblast
B-3452,AirwayEpithelial
B-3453,Artery
B-3454,AirwayEpithelial
B-3455,MyoFB
B-3456,Tcell
B-3459,AirwayEpithelial
B-3461,InflamMac
B-3462,AirwayEpithelial
B-3464,Tcell
B-3466,Tcell
B-3468,PatrolMac
B-3471,InterstitialMac
B-3473,Artery
B-3474,AirwayEpithelial
B-3475,InflamMac
B-3476,Artery
B-3478,AlveolarFibroblast
B-3480,Bcell
B-3482,AT1
B-3484,AirwayEpithelial
B-3486,InflamMac
B-3489,BronchoFibroblast
B-3490,PatrolMac
B-3492,AirwayEpithelial
B-3493,AirwayEpithelial
B-3494,Tcell
B-3495,MyoFB
B-3496,AirwayEpithelial
B-3497,Capillary
B-3499,AirwayEpithelial
B-3500,Tcell
B-3502,Capillary
B-3503,AirwayEpithelial
B-3506,AirwayEpithelial
B-3510,SMC
B-3511,Artery
B-3512,InterstitialMac
B-3513,Capillary
B-3516,AirwayEpithelial
B-3518,Tcell
B-3519,AirwayEpithelial
B-3521,AirwayEpithelial
B-3522,Capillary
B-3523,AirwayEpithelial
B-3524,Tcell
B-3525,AlveolarFibroblast
B-3527,Tcell
B-3529,Capillary
B-3532,Tcell
B-3536,AirwayEpithelial
B-3537,InflamMac
B-3538,AT1
B-3542,AirwayEpithelial
B-3545,Pericyte
B-3546,AirwayEpithelial
B-3548,SMC
B-3551,BronchoFibroblast
B-3557,Tcell
B-3560,SMC
B-3561,InterstitialMac
B-3562,Tcell
B-3564,Bcell
B-3566,Neutrophil
B-3567,AT1
B-3568,AirwayEpithelial
B-3569,Tcell
B-3571,AirwayEpithelial
B-3573,PatrolMac
B-3574,AT2
B-3575,Tcell
B-3578,Tcell
B-3579,Tcell
B-3580,Neutrophil
B-3581,Capillary
B-3582,Tcell
B-3583,Bcell
B-3584,AT2
B-3593,Capillary
B-3597,Capillary
B-3599,Capillary
B-3600,BronchoFibroblast
B-3602,InterstitialMac
B-3603,Tcell
B-3604,Capillary
B-3605,Capillary
B-3606,Tcell
B-3607,SMC
B-3608,AT2
B-3609,Tcell
B-3610,Tcell
B-3611,Tcell
B-3612,Tcell
B-3613,InflamMac
B-3615,InterstitialMac
B-3617,Capillary
B-3618,Capillary
B-3620,Tcell
B-3624,Capillary
B-3625,Capillary
B-3629,BronchoFibroblast
B-3630,Tcell
B-3631,AirwayEpithelial
B-3632,AirwayEpithelial
B-3633,Tcell
B-3634,Capillary
B-3635,Tcell
B-3639,BronchoFibroblast
B-3640,AirwayEpithelial
B-3641,Tcell
B-3642,SMC
B-3643,AlveolarMac
B-3644,BronchoFibroblast
B-3646,Tcell
B-3647,Capillary
B-3648,Tcell
B-3649,Capillary
B-3650,BronchoFibroblast
B-3651,Tcell
B-3653,SMC
B-3657,Capillary
B-3658,Tcell
B-3659,AirwayEpithelial
B-3660,AirwayEpithelial
B-3661,Capillary
B-3665,Capillary
B-3666,Capillary
B-3670,Tcell
B-3672,BronchoFibroblast
B-3673,Capillary
B-3674,Tcell
B-3676,Tcell
B-3678,Tcell
B-3681,BronchoFibroblast
B-3683,Capillary
B-3684,Tcell
B-3685,Neutrophil
B-3686,SMC
B-3688,AirwayEpithelial
B-3689,InterstitialMac
B-3690,BronchoFibroblast
B-3691,Tcell
B-3693,Capillary
B-3694,Tcell
B-3695,Tcell
B-3696,Capillary
B-3697,InterstitialMac
B-3699,Capillary
B-3700,Capillary
B-3701,Tcell
B-3702,Capillary
B-3703,Capillary
B-3706,Tcell
B-3707,Tcell
B-3708,Tcell
B-3715,Capillary
B-3717,InterstitialMac
B-3718,Tcell
B-3720,Tcell
B-3723,AirwayEpithelial
B-3726,Tcell
B-3727,Capillary
B-3728,Capillary
B-3731,Capillary
B-3732,Tcell
B-3733,Capillary
B-3734,Tcell
B-3735,AT2
B-3736,Tcell
B-3737,AirwayEpithelial
B-3738,AirwayEpithelial
B-3740,Tcell
B-3746,BronchoFibroblast
B-3747,Tcell
B-3748,BronchoFibroblast
B-3751,Capillary
B-3752,AirwayEpithelial
B-3754,Capillary
B-3755,Capillary
B-3756,BronchoFibroblast
B-3757,Capillary
B-3758,AirwayEpithelial
B-3760,Vein
B-3761,AirwayEpithelial
B-3762,Tcell
B-3763,SMC
B-3764,mucosalDC
B-3765,BronchoFibroblast
B-3766,BronchoFibroblast
B-3767,BronchoFibroblast
B-3768,Capillary
B-3769,Tcell
B-3773,Bcell
B-3774,SMC
B-3775,AirwayEpithelial
B-3777,Tcell
B-3778,Tcell
B-3779,Capillary
B-3781,BronchoFibroblast
B-3785,Tcell
B-3786,AirwayEpithelial
B-3787,Tcell
B-3788,Tcell
B-3789,InflamMac
B-3790,InterstitialMac
B-3791,SMC
B-3794,AirwayEpithelial
B-3796,Tcell
B-3797,Tcell
B-3799,BronchoFibroblast
B-3802,AirwayEpithelial
B-3804,InflamMac
B-3805,Tcell
B-3809,SMC
B-3810,AirwayEpithelial
B-3811,Capillary
B-3813,BronchoFibroblast
B-3816,BronchoFibroblast
B-3817,BronchoFibroblast
B-3818,Tcell
B-3819,Tcell
B-3821,AirwayEpithelial
B-3822,AT2
B-3824,Tcell
B-3825,AirwayEpithelial
B-3826,Tcell
B-3827,AirwayEpithelial
B-3830,AirwayEpithelial
B-3831,Tcell
B-3832,AirwayEpithelial
B-3833,AT2
B-3834,SMC
B-3836,SMC
B-3837,AirwayEpithelial
B-3838,AirwayEpithelial
B-3839,Tcell
B-3841,AT2
B-3845,Capillary
B-3846,Capillary
B-3851,AirwayEpithelial
B-3853,AlveolarMac
B-3855,AirwayEpithelial
B-3856,Tcell
B-3857,Tcell
B-3859,BronchoFibroblast
B-3860,AT2
B-3863,Capillary
B-3866,InflamMac
B-3867,Tcell
B-3868,InterstitialMac
B-3870,AirwayEpithelial
B-3873,AT2
B-3875,SMC
B-3876,SMC
B-3877,Capillary
B-3879,AirwayEpithelial
B-3880,Tcell
B-3882,AlveolarFibroblast
B-3887,mucosalDC
B-3888,Tcell
B-3889,Capillary
B-3891,AirwayEpithelial
B-3897,Tcell
B-3898,Capillary
B-3900,Tcell
B-3904,Capillary
B-3908,Capillary
B-3910,SMC
B-3911,PatrolMac
B-3914,Tcell
B-3918,Tcell
B-3922,Vein
B-3923,Capillary
B-3924,AirwayEpithelial
B-3927,Tcell
B-3928,MyoFB
B-3929,SMC
B-3930,Tcell
B-3931,Capillary
B-3932,AirwayEpithelial
B-3933,BronchoFibroblast
B-3934,MyoFB
B-3935,AirwayEpithelial
B-3936,AirwayEpithelial
B-3937,Capillary
B-3938,AirwayEpithelial
B-3939,SMC
B-3940,Tcell
B-3941,Tcell
B-3942,AT1
B-3943,Tcell
B-3944,AlveolarFibroblast
B-3946,Tcell
B-3948,Pericyte
B-3949,Tcell
B-3950,Capillary
B-3951,AlveolarFibroblast
B-3952,Tcell
B-3953,Tcell
B-3955,Tcell
B-3957,Tcell
B-3958,BronchoFibroblast
B-3959,MyoFB
B-3960,Tcell
B-3961,Tcell
B-3962,AirwayEpithelial
B-3963,InflamMac
B-3964,Tcell
B-3965,Capillary
B-3966,Capillary
B-3967,Capillary
B-3968,Tcell
B-3969,perivascularDC
B-3970,AT1
B-3972,MyoFB
B-3973,BronchoFibroblast
B-3974,Tcell
B-3975,AlveolarFibroblast
B-3976,Capillary
B-3978,Tcell
B-3979,Capillary
B-3980,MyoFB
B-3981,AlveolarFibroblast
B-3982,Tcell
B-3983,Tcell
B-3984,Tcell
B-3987,InterstitialMac
B-3988,AirwayEpithelial
B-3989,AirwayEpithelial
B-3990,AlveolarFibroblast
B-3991,Tcell
B-3993,InflamMac
B-3994,AirwayEpithelial
B-3995,SMC
B-3996,AirwayEpithelial
B-3997,SMC
B-3998,Tcell
B-3999,BronchoFibroblast
B-4000,Capillary
B-4001,AirwayEpithelial
B-4002,MyoFB
B-4003,Capillary
B-4004,AirwayEpithelial
B-4006,AirwayEpithelial
B-4007,AlveolarFibroblast
B-4009,Artery
B-4011,Tcell
B-4012,Capillary
B-4013,AirwayEpithelial
B-4014,AirwayEpithelial
B-4015,Pericyte
B-4017,BronchoFibroblast
B-4018,Pericyte
B-4019,SMC
B-4020,AirwayEpithelial
B-4021,AirwayEpithelial
B-4022,Capillary
B-4023,AlveolarFibroblast
B-4024,AirwayEpithelial
B-4027,Tcell
B-4028,AirwayEpithelial
B-4029,Tcell
B-4030,AirwayEpithelial
B-4031,Capillary
B-4032,Tcell
B-4033,Capillary
B-4035,AirwayEpithelial
B-4036,MyoFB
B-4038,SMC
B-4039,AlveolarFibroblast
B-4040,AlveolarFibroblast
B-4041,PatrolMac
B-4042,MyoFB
B-4043,AirwayEpithelial
B-4044,Capillary
B-4045,AirwayEpithelial
B-4046,BronchoFibroblast
B-4047,BronchoFibroblast
B-4048,Tcell
B-4051,AlveolarFibroblast
B-4052,Capillary
B-4053,Capillary
B-4054,SMC
B-4055,SMC
B-4056,Tcell
B-4057,Capillary
B-4058,Tcell
B-4059,BronchoFibroblast
B-4060,Tcell
B-4061,Pericyte
B-4062,AirwayEpithelial
B-4063,AirwayEpithelial
B-4064,BronchoFibroblast
B-4065,Tcell
B-4066,Tcell
B-4067,Pericyte
B-4068,SMC
B-4069,Capillary
B-4070,Bcell
B-4071,AirwayEpithelial
B-4072,BronchoFibroblast
B-4073,AirwayEpithelial
B-4074,BronchoFibroblast
B-4075,BronchoFibroblast
B-4076,AirwayEpithelial
B-4077,MyoFB
B-4078,BronchoFibroblast
B-4079,Tcell
B-4080,AlveolarFibroblast
B-4081,AirwayEpithelial
B-4082,Bcell
B-4083,Capillary
B-4084,Capillary
B-4085,AlveolarFibroblast
B-4086,AlveolarFibroblast
B-4088,AlveolarFibroblast
B-4089,AirwayEpithelial
B-4090,Pericyte
B-4091,SMC
B-4092,AirwayEpithelial
B-4093,Tcell
B-4094,MyoFB
B-4095,AirwayEpithelial
B-4096,Tcell
B-4097,Tcell
B-4098,BronchoFibroblast
B-4099,BronchoFibroblast
B-4100,Capillary
B-4101,AirwayEpithelial
B-4102,Capillary
B-4103,Vein
B-4104,Tcell
B-4105,AlveolarFibroblast
B-4106,SMC
B-4107,AirwayEpithelial
B-4108,BronchoFibroblast
B-4109,BronchoFibroblast
B-4111,BronchoFibroblast
B-4112,SMC
B-4113,Bcell
B-4115,Tcell
B-4116,Tcell
B-4117,AlveolarMac
B-4118,Capillary
B-4119,Capillary
B-4120,Pericyte
B-4121,Pericyte
B-4122,Tcell
B-4123,Bcell
B-4125,SMC
B-4126,BronchoFibroblast
B-4127,PatrolMac
B-4128,AirwayEpithelial
B-4129,Tcell
B-4130,InflamMac
B-4131,Tcell
B-4132,AirwayEpithelial
B-4133,Capillary
B-4135,AirwayEpithelial
B-4136,Tcell
B-4137,Tcell
B-4138,SMC
B-4141,Tcell
B-4142,MyoFB
B-4143,AlveolarFibroblast
B-4144,Tcell
B-4145,AirwayEpithelial
B-4146,Tcell
B-4147,BronchoFibroblast
B-4151,MyoFB
B-4152,BronchoFibroblast
B-4153,SMC
B-4154,SMC
B-4155,Pericyte
B-4156,AlveolarFibroblast
B-4157,Capillary
B-4158,AlveolarMac
B-4160,AirwayEpithelial
B-4161,BronchoFibroblast
B-4162,InflamMac
B-4163,Bcell
B-4164,Capillary
B-4166,Capillary
B-4168,SMC
B-4169,BronchoFibroblast
B-4170,AirwayEpithelial
B-4171,AirwayEpithelial
B-4172,BronchoFibroblast
B-4173,AirwayEpithelial
B-4174,Tcell
B-4175,Capillary
B-4176,AirwayEpithelial
B-4178,Tcell
B-4179,Capillary
B-4180,AirwayEpithelial
B-4181,AirwayEpithelial
B-4182,BronchoFibroblast
B-4183,AirwayEpithelial
B-4184,InterstitialMac
B-4185,AirwayEpithelial
B-4186,Tcell
B-4187,AirwayEpithelial
B-4190,MyoFB
B-4191,AlveolarFibroblast
B-4192,AlveolarMac
B-4193,AT2
B-4194,AirwayEpithelial
B-4195,AirwayEpithelial
B-4197,Tcell
B-4198,Tcell
B-4199,AirwayEpithelial
B-4200,AirwayEpithelial
B-4202,AirwayEpithelial
B-4204,Capillary
B-4205,AlveolarMac
B-4207,AirwayEpithelial
B-4208,Capillary
B-4209,MyoFB
B-4210,Tcell
B-4213,BronchoFibroblast
B-4214,Tcell
B-4216,Tcell
B-4217,Capillary
B-4218,AirwayEpithelial
B-4220,AirwayEpithelial
B-4221,Tcell
B-4222,AirwayEpithelial
B-4223,AlveolarFibroblast
B-4225,MyoFB
B-4226,AT1
B-4227,Capillary
B-4228,Tcell
B-4231,AirwayEpithelial
B-4232,AlveolarFibroblast
B-4233,AirwayEpithelial
B-4234,BronchoFibroblast
B-4235,AirwayEpithelial
B-4236,Capillary
B-4238,BronchoFibroblast
B-4240,BronchoFibroblast
B-4242,AirwayEpithelial
B-4244,AirwayEpithelial
B-4246,SMC
B-4248,BronchoFibroblast
B-4249,Tcell
B-4251,AirwayEpithelial
B-4252,BronchoFibroblast
B-4254,AirwayEpithelial
B-4256,AirwayEpithelial
B-4257,AirwayEpithelial
B-4258,Bcell
B-4259,Capillary
B-4260,InflamMac
B-4261,Tcell
B-4262,AirwayEpithelial
B-4263,AirwayEpithelial
B-4264,AirwayEpithelial
B-4265,BronchoFibroblast
B-4266,Capillary
B-4271,AirwayEpithelial
B-4273,BronchoFibroblast
B-4277,AirwayEpithelial
B-4278,BronchoFibroblast
B-4279,AirwayEpithelial
B-4282,AlveolarFibroblast
B-4283,AT2
B-4285,Capillary
B-4286,perivascularDC
B-4287,Pericyte
B-4288,AT2
B-4289,Neutrophil
B-4292,AT2
B-4293,Vein
B-4294,perivascularDC
B-4296,MyoFB
B-4297,Vein
B-4299,Pericyte
B-4301,Bcell
B-4303,AT1
B-4304,Artery
B-4306,Artery
B-4307,AT2
B-4308,AlveolarFibroblast
B-4311,Capillary
B-4312,SMC
B-4313,Tcell
B-4315,Pericyte
B-4316,AT1
B-4318,AlveolarFibroblast
B-4319,AT1
B-4320,AT2
B-4322,MyoFB
B-4323,Artery
B-4324,InterstitialMac
B-4325,Pericyte
B-4326,Tcell
B-4327,AT1
B-4330,Pericyte
B-4331,Pericyte
B-4332,Vein
B-4333,Artery
B-4335,PatrolMac
B-4336,SMC
B-4339,InflamMac
B-4341,AT1
B-4345,Bcell
B-4346,PatrolMac
B-4347,AT2
B-4349,Pericyte
B-4351,Artery
B-4352,SMC
B-4354,SMC
B-4355,SMC
B-4356,Artery
B-4357,Artery
B-4358,AT2
B-4359,Pericyte
B-4360,AT1
B-4361,Pericyte
B-4364,AT1
B-4365,AT1
B-4366,Artery
B-4367,Artery
B-4368,Bcell
B-4370,SMC
B-4372,AlveolarFibroblast
B-4373,Vein
B-4376,AT1
B-4378,AlveolarMac
B-4379,Artery
B-4380,SMC
B-4381,Artery
B-4383,AT1
B-4385,AT1
B-4386,AT1
B-4389,Artery
B-4390,MyoFB
B-4392,AlveolarFibroblast
B-4394,AT1
B-4395,perivascularDC
B-4396,Pericyte
B-4397,Bcell
B-4398,InflamMac
B-4400,Artery
B-4401,Artery
B-4403,Artery
B-4404,Pericyte
B-4406,InflamMac
B-4407,MyoFB
B-4408,PatrolMac
B-4409,InterstitialMac
B-4410,Artery
B-4415,mucosalDC
B-4416,AlveolarMac
B-4417,AlveolarFibroblast
B-4420,AT2
B-4421,Vein
B-4422,Vein
B-4423,Vein
B-4424,Artery
B-4425,MyoFB
B-4427,Capillary
B-4431,AT1
B-4433,Artery
B-4434,Artery
B-4435,Artery
B-4436,SMC
B-4437,Bcell
B-4438,MyoFB
B-4439,AT1
B-4441,AT2
B-4443,AlveolarFibroblast
B-4444,SMC
B-4445,Pericyte
B-4446,Artery
B-4448,Artery
B-4449,AT1
B-4450,Pericyte
B-4452,SMC
B-4453,Pericyte
B-4455,Artery
B-4456,Bcell
B-4459,Pericyte
B-4461,AT1
B-4462,SMC
B-4466,AT1
B-4468,AT1
B-4469,Pericyte
B-4470,Artery
B-4474,Artery
B-4476,perivascularDC
B-4478,SMC
B-4480,Artery
B-4481,Pericyte
B-4483,Artery
B-4486,Artery
B-4487,AT1
B-4489,Artery
B-4492,InterstitialMac
B-4494,Pericyte
B-4495,InflamMac
B-4496,Pericyte
B-4498,Capillary
B-4499,Capillary
B-4503,Vein
B-4504,Vein
B-4505,InterstitialMac
B-4506,Artery
B-4508,Pericyte
B-4509,Pericyte
B-4510,AT2
B-4512,Capillary
B-4513,MyoFB
B-4515,AT1
B-4516,AT1
B-4518,Vein
B-4520,MyoFB
B-4522,Capillary
B-4523,Vein
B-4524,AT1
B-4526,Pericyte
B-4527,AT1
B-4529,Pericyte
B-4534,Bcell
B-4535,AT1
B-4536,Artery
B-4538,AT1
B-4539,Capillary
B-4540,AT1
B-4541,InterstitialMac
B-4544,Artery
B-4545,SMC
B-4546,SMC
B-4547,SMC
B-4548,Artery
B-4550,AT1
B-4551,AT1
B-4552,InterstitialMac
B-4554,AlveolarMac
B-4555,AT2
B-4556,BronchoFibroblast
B-4557,Bcell
B-4561,Pericyte
B-4562,Vein
B-4563,AT2
B-4564,Vein
B-4566,BronchoFibroblast
B-4567,Artery
B-4568,Pericyte
B-4570,Capillary
B-4571,Artery
B-4573,Artery
B-4574,SMC
B-4575,Artery
B-4576,Pericyte
B-4577,BronchoFibroblast
B-4578,MyoFB
B-4579,Vein
B-4580,Tcell
B-4581,Artery
B-4582,SMC
B-4583,MyoFB
B-4584,Vein
B-4586,AT2
B-4589,AT1
B-4590,Bcell
B-4594,SMC
B-4596,AirwayEpithelial
B-4597,Artery
B-4599,BronchoFibroblast
B-4602,AT1
B-4603,mucosalDC
B-4606,mucosalDC
B-4607,Artery
B-4608,AT2
B-4612,BronchoFibroblast
B-4613,AT1
B-4615,Artery
B-4616,Pericyte
B-4618,AT1
B-4622,Artery
B-4623,AT2
B-4625,Vein
B-4627,Bcell
B-4628,AT2
B-4629,MyoFB
B-4631,AT1
B-4632,MyoFB
B-4633,AT1
B-4635,Bcell
B-4636,AT2
B-4639,AlveolarFibroblast
B-4640,Pericyte
B-4641,AT1
B-4642,AT1
B-4643,SMC
B-4646,AlveolarFibroblast
B-4648,AT1
B-4652,Artery
B-4653,AT2
B-4654,Pericyte
B-4655,MyoFB
B-4658,Artery
B-4666,SMC
B-4667,Artery
B-4669,AT1
B-4671,Pericyte
B-4674,SMC
B-4676,AT1
B-4677,Pericyte
B-4680,AT1
B-4683,AlveolarMac
B-4684,SMC
B-4687,Artery
B-4689,Artery
B-4691,Artery
B-4692,AT2
B-4693,Artery
B-4695,Pericyte
B-4697,Capillary
B-4698,Artery
B-4701,SMC
B-4702,SMC
B-4703,SMC
B-4704,AT1
B-4708,Artery
B-4710,Pericyte
B-4711,Pericyte
B-4717,BronchoFibroblast
B-4718,SMC
B-4720,Vein
B-4721,AT2
B-4722,AlveolarFibroblast
B-4725,BronchoFibroblast
B-4726,InflamMac
B-4731,Vein
B-4732,Artery
B-4733,AT1
B-4736,SMC
B-4738,BronchoFibroblast
B-4739,SMC
B-4740,Artery
B-4746,SMC
B-4748,SMC
B-4749,Bcell
B-4750,AT2
B-4751,SMC
B-4752,AT1
B-4753,AT1
B-4755,Artery
B-4758,SMC
B-4761,BronchoFibroblast
B-4764,SMC
B-4765,Artery
B-4767,Artery
B-4768,Artery
B-4769,SMC
B-4770,AT1
B-4771,SMC
B-4772,SMC
B-4775,AT2
B-4776,SMC
B-4781,Neutrophil
B-4782,Capillary
B-4786,Artery
B-4790,AT2
B-4791,SMC
B-4792,SMC
B-4793,Artery
B-4796,MyoFB
B-4800,AT1
B-4801,AT2
B-4803,SMC
B-4804,AT2
B-4808,Tcell
B-4809,SMC
B-4811,Vein
B-4813,SMC
B-4814,SMC
B-4815,Artery
B-4819,SMC
B-4820,Vein
B-4822,Artery
B-4824,AlveolarFibroblast
B-4825,SMC
B-4827,MyoFB
B-4828,AT2
B-4829,SMC
B-4830,Artery
B-4832,AlveolarMac
B-4834,Artery
B-4835,Artery
B-4837,AT2
B-4842,SMC
B-4846,BronchoFibroblast
B-4848,SMC
B-4849,SMC
B-4850,Pericyte
B-4852,mucosalDC
B-4855,InterstitialMac
B-4857,Artery
B-4858,SMC
B-4860,Artery
B-4861,BronchoFibroblast
B-4862,Capillary
B-4863,Neutrophil
B-4864,AT2
B-4865,pDC
B-4866,Artery
B-4876,SMC
B-4877,SMC
B-4878,BronchoFibroblast
B-4879,InflamMac
B-4880,Pericyte
B-4881,Artery
B-4882,SMC
B-4883,Artery
B-4885,SMC
B-4887,InflamMac
B-4888,SMC
B-4890,SMC
B-4891,Artery
B-4899,Artery
B-4900,Vein
B-4905,BronchoFibroblast
B-4906,Artery
B-4907,SMC
B-4910,Pericyte
B-4912,Artery
B-4918,BronchoFibroblast
B-4920,SMC
B-4922,Artery
B-4923,BronchoFibroblast
B-4927,perivascularDC
B-4928,AlveolarFibroblast
B-4931,Artery
B-4932,Artery
B-4935,BronchoFibroblast
B-4937,SMC
B-4940,AT2
B-4942,MyoFB
B-4948,SMC
B-4952,SMC
B-4956,SMC
B-4961,SMC
B-4962,SMC
B-4963,AT2
B-4969,AT2
B-4970,SMC
B-4976,Artery
B-4980,Artery
B-4987,Capillary
B-4988,Vein
B-4989,AlveolarFibroblast
B-4990,PatrolMac
B-4991,Vein
B-4992,Capillary
B-4993,Capillary
B-4995,AT1
B-4996,AlveolarMac
B-4997,AlveolarFibroblast
B-4998,Pericyte
B-4999,Pericyte
B-5001,Pericyte
B-5002,Artery
B-5003,Vein
B-5004,Pericyte
B-5005,AT1
B-5006,Artery
B-5007,Capillary
B-5008,AT1
B-5010,AlveolarMac
B-5013,SMC
B-5014,AlveolarMac
B-5015,Capillary
B-5016,Pericyte
B-5017,Vein
B-5018,Artery
B-5020,InterstitialMac
B-5021,AT1
B-5022,AT2
B-5023,PatrolMac
B-5024,mucosalDC
B-5028,Vein
B-5029,InflamMac
B-5030,Tcell
B-5031,Artery
B-5032,AT2
B-5035,AT1
B-5036,Vein
B-5037,MyoFB
B-5039,Bcell
B-5040,MyoFB
B-5041,Capillary
B-5042,pDC
B-5043,Vein
B-5045,InterstitialMac
B-5046,Artery
B-5047,Pericyte
B-5049,pDC
B-5050,Artery
B-5054,AT2
B-5057,AT2
B-5059,PatrolMac
B-5060,Capillary
B-5061,AT2
B-5062,Vein
B-5063,Artery
B-5066,AlveolarMac
B-5067,AT1
B-5068,InflamMac
B-5070,Vein
B-5071,AlveolarFibroblast
B-5072,AlveolarFibroblast
B-5074,Vein
B-5075,Artery
B-5076,AT2
B-5077,Capillary
B-5078,Vein
B-5079,Vein
B-5080,Pericyte
B-5082,InterstitialMac
B-5084,InflamMac
B-5086,Bcell
B-5090,Artery
B-5091,MyoFB
B-5092,Artery
B-5097,AT1
B-5098,InflamMac
B-5101,AT2
B-5102,AT1
B-5104,Vein
B-5107,MyoFB
B-5108,PatrolMac
B-5110,Pericyte
B-5111,AlveolarFibroblast
B-5112,AT2
B-5113,AT1
B-5114,AT1
B-5115,Pericyte
B-5118,MyoFB
B-5120,Vein
B-5121,AirwayEpithelial
B-5122,PatrolMac
B-5123,Capillary
B-5124,MyoFB
B-5125,Pericyte
B-5126,AT1
B-5127,BronchoFibroblast
B-5128,AlveolarFibroblast
B-5129,Pericyte
B-5131,Pericyte
B-5132,AT1
B-5134,AlveolarFibroblast
B-5135,AT2
B-5137,InflamMac
B-5138,Vein
B-5139,Pericyte
B-5142,Pericyte
B-5143,MyoFB
B-5144,AT2
B-5146,Artery
B-5147,Artery
B-5149,Artery
B-5150,MyoFB
B-5151,AT1
B-5152,Artery
B-5153,Neutrophil
B-5154,AT2
B-5155,PatrolMac
B-5157,MyoFB
B-5158,AT2
B-5159,Artery
B-5161,Capillary
B-5162,mucosalDC
B-5163,AT2
B-5164,AT2
B-5166,AlveolarFibroblast
B-5167,Pericyte
B-5168,Pericyte
B-5169,Vein
B-5170,Pericyte
B-5171,Capillary
B-5174,AT1
B-5177,AT1
B-5178,Pericyte
B-5179,Pericyte
B-5180,AT2
B-5181,Artery
B-5185,Bcell
B-5186,Bcell
B-5187,Capillary
B-5191,MyoFB
B-5192,Artery
B-5193,Artery
B-5195,Artery
B-5196,Pericyte
B-5197,Vein
B-5199,AlveolarFibroblast
B-5200,Artery
B-5201,AT1
B-5203,InflamMac
B-5205,MyoFB
B-5206,AT1
B-5207,Pericyte
B-5208,AlveolarFibroblast
B-5210,Artery
B-5212,Capillary
B-5213,AT2
B-5215,Artery
B-5216,Capillary
B-5217,Bcell
B-5218,Artery
B-5219,Pericyte
B-5220,Artery
B-5222,PatrolMac
B-5223,Artery
B-5225,MyoFB
B-5228,MyoFB
B-5229,AT1
B-5230,MyoFB
B-5231,Pericyte
B-5232,Pericyte
B-5233,MyoFB
B-5234,Pericyte
B-5235,AlveolarFibroblast
B-5236,Pericyte
B-5238,AT2
B-5240,AT2
B-5241,AT1
B-5242,MyoFB
B-5243,AT2
B-5244,Pericyte
B-5246,BronchoFibroblast
B-5247,AT1
B-5248,AT1
B-5255,InflamMac
B-5256,Pericyte
B-5258,Artery
B-5259,AT1
B-5261,Capillary
B-5262,Capillary
B-5263,Artery
B-5265,SMC
B-5266,AT1
B-5268,PatrolMac
B-5271,AT2
B-5272,Pericyte
B-5273,Capillary
B-5274,InterstitialMac
B-5276,Tcell
B-5277,AT1
B-5278,BronchoFibroblast
B-5279,AT1
B-5280,Artery
B-5282,mucosalDC
B-5283,Vein
B-5284,InflamMac
B-5286,MyoFB
B-5287,AT1
B-5288,Pericyte
B-5289,AT2
B-5290,AT2
B-5293,AT1
B-5294,Bcell
B-5297,Pericyte
B-5300,AlveolarFibroblast
B-5305,MyoFB
B-5306,AT1
B-5310,MyoFB
B-5312,Vein
B-5313,AT1
B-5314,AT2
B-5315,AT1
B-5316,AT1
B-5317,AlveolarMac
B-5318,MyoFB
B-5324,Pericyte
B-5327,MyoFB
B-5329,Pericyte
B-5331,AT1
B-5333,Vein
B-5334,Artery
B-5335,Pericyte
B-5336,AlveolarFibroblast
B-5339,Artery
B-5342,AT1
B-5343,AT1
B-5346,Artery
B-5370,MyoFB
