x
A-2,AT1
A-5,Artery
A-6,Pericyte
A-7,AlveolarMac
A-8,Artery
A-9,Bcell
A-10,Pericyte
A-11,Artery
A-13,Pericyte
A-14,Vein
A-16,AT2
A-18,PatrolMac
A-20,Bcell
A-21,AT1
A-22,Pericyte
A-24,Pericyte
A-26,AlveolarFibroblast
A-28,Artery
A-31,mucosalDC
A-32,Bcell
A-33,InflamMac
A-34,Artery
A-35,AT2
A-37,mucosalDC
A-38,Artery
A-39,Capillary
A-40,PatrolMac
A-41,AT1
A-44,Bcell
A-45,PatrolMac
A-46,PatrolMac
A-47,MyoFB
A-48,Artery
A-49,AT2
A-51,AT1
A-52,AT2
A-53,AirwayEpithelial
A-54,mucosalDC
A-55,BronchoFibroblast
A-56,Pericyte
A-57,AT1
A-58,Pericyte
A-59,Artery
A-60,mucosalDC
A-61,AT2
A-62,Pericyte
A-63,AT1
A-64,Pericyte
A-66,PatrolMac
A-67,AT1
A-68,Artery
A-69,Artery
A-70,Vein
A-71,MyoFB
A-72,Artery
A-73,Bcell
A-74,AT1
A-75,AT1
A-76,MyoFB
A-77,Vein
A-78,Pericyte
A-79,AT2
A-81,Artery
A-82,Artery
A-84,Pericyte
A-86,BronchoFibroblast
A-87,InflamMac
A-88,Vein
A-89,AT1
A-90,mucosalDC
A-91,SMC
A-93,AT1
A-94,SMC
A-96,Pericyte
A-97,Capillary
A-98,Artery
A-99,Vein
A-101,MyoFB
A-102,Pericyte
A-104,AT1
A-106,MyoFB
A-107,Artery
A-108,PatrolMac
A-109,SMC
A-110,MyoFB
A-113,Artery
A-114,AT2
A-115,Artery
A-119,Pericyte
A-120,Capillary
A-121,SMC
A-122,perivascularDC
A-123,InflamMac
A-124,InflamMac
A-126,AirwayEpithelial
A-127,Pericyte
A-128,AT1
A-129,Pericyte
A-130,MyoFB
A-131,Artery
A-132,AT1
A-134,AirwayEpithelial
A-135,SMC
A-136,Artery
A-138,Pericyte
A-140,Vein
A-142,AT1
A-144,Pericyte
A-145,Pericyte
A-147,MyoFB
A-148,Artery
A-149,Artery
A-151,PatrolMac
A-152,Pericyte
A-154,AlveolarFibroblast
A-155,InflamMac
A-156,MyoFB
A-159,AT2
A-162,Artery
A-164,Artery
A-165,AlveolarMac
A-167,Artery
A-168,AT2
A-170,AT1
A-172,PatrolMac
A-175,Pericyte
A-176,Artery
A-178,mucosalDC
A-180,InflamMac
A-181,Vein
A-183,Tcell
A-185,AT2
A-187,AirwayEpithelial
A-188,Artery
A-189,AT1
A-190,AT2
A-191,Artery
A-196,Artery
A-199,Artery
A-200,AT1
A-203,AT2
A-208,Artery
A-209,AirwayEpithelial
A-210,SMC
A-211,Artery
A-214,AT2
A-216,AT1
A-217,SMC
A-221,mucosalDC
A-222,AlveolarMac
A-225,InflamMac
A-226,Artery
A-227,MyoFB
A-228,AT2
A-229,AT2
A-230,MyoFB
A-232,AT2
A-235,Bcell
A-236,Pericyte
A-237,MyoFB
A-239,Capillary
A-240,AlveolarFibroblast
A-241,Artery
A-242,mucosalDC
A-243,AlveolarFibroblast
A-245,Artery
A-247,Artery
A-248,Pericyte
A-249,mucosalDC
A-252,Pericyte
A-257,AT1
A-259,InflamMac
A-260,Pericyte
A-264,Pericyte
A-265,PatrolMac
A-266,AT1
A-267,AT2
A-270,Artery
A-271,Pericyte
A-273,AirwayEpithelial
A-274,BronchoFibroblast
A-275,BronchoFibroblast
A-276,SMC
A-277,Pericyte
A-278,Artery
A-280,Pericyte
A-282,MyoFB
A-283,Artery
A-288,MyoFB
A-290,Vein
A-291,Artery
A-292,Pericyte
A-293,AT1
A-294,AlveolarFibroblast
A-295,Capillary
A-296,AT1
A-297,AT2
A-298,Vein
A-299,mucosalDC
A-300,SMC
A-304,AT1
A-306,Pericyte
A-307,AT1
A-309,pDC
A-310,Vein
A-311,AT2
A-312,Pericyte
A-314,MyoFB
A-315,BronchoFibroblast
A-316,Pericyte
A-317,InflamMac
A-318,AT1
A-319,Vein
A-320,Vein
A-321,Artery
A-324,PatrolMac
A-325,AT2
A-326,AT2
A-327,Tcell
A-328,Artery
A-329,Pericyte
A-331,pDC
A-333,AT1
A-334,AT1
A-340,Artery
A-343,AT1
A-344,AT1
A-345,AlveolarFibroblast
A-346,InflamMac
A-348,MyoFB
A-349,AT2
A-350,SMC
A-352,Pericyte
A-353,AT1
A-356,Pericyte
A-357,AT1
A-358,Pericyte
A-360,Artery
A-362,Vein
A-363,Capillary
A-364,Vein
A-365,Vein
A-366,AT1
A-369,Artery
A-371,Vein
A-372,AT2
A-373,Artery
A-374,Artery
A-376,MyoFB
A-377,Bcell
A-378,Artery
A-379,AT2
A-385,Bcell
A-387,MyoFB
A-391,MyoFB
A-392,mucosalDC
A-394,SMC
A-395,AlveolarFibroblast
A-400,AT2
A-403,Pericyte
A-404,Capillary
A-406,SMC
A-407,Artery
A-410,PatrolMac
A-411,AlveolarFibroblast
A-412,AT1
A-415,AT1
A-416,Pericyte
A-418,Capillary
A-420,Capillary
A-421,MyoFB
A-423,AT2
A-424,Vein
A-425,Pericyte
A-426,Pericyte
A-427,AT2
A-429,Pericyte
A-430,AlveolarFibroblast
A-431,PatrolMac
A-432,MyoFB
A-433,PatrolMac
A-437,Vein
A-441,Tcell
A-442,Pericyte
A-443,AT2
A-444,AlveolarFibroblast
A-445,InflamMac
A-446,Pericyte
A-447,Vein
A-448,AT2
A-449,AT2
A-451,AT1
A-452,Pericyte
A-453,AT2
A-456,InflamMac
A-457,PatrolMac
A-458,mucosalDC
A-459,InterstitialMac
A-460,Artery
A-461,Pericyte
A-465,PatrolMac
A-466,AT2
A-470,Pericyte
A-471,Vein
A-472,AT2
A-474,AlveolarFibroblast
A-476,MyoFB
A-477,Pericyte
A-478,AT2
A-479,AlveolarMac
A-482,InflamMac
A-483,PatrolMac
A-484,AT1
A-485,Artery
A-487,SMC
A-489,Pericyte
A-490,AT2
A-491,InterstitialMac
A-492,Vein
A-493,Vein
A-494,AT2
A-495,BronchoFibroblast
A-496,MyoFB
A-498,MyoFB
A-499,Pericyte
A-500,InflamMac
A-501,AT2
A-502,Artery
A-504,Capillary
A-505,Capillary
A-507,MyoFB
A-508,AT1
A-509,Pericyte
A-511,AT2
A-512,AT1
A-513,SMC
A-514,InflamMac
A-515,AT2
A-516,AT2
A-517,AT2
A-518,Neutrophil
A-521,BronchoFibroblast
A-522,InterstitialMac
A-523,Pericyte
A-524,MyoFB
A-525,Pericyte
A-526,AT1
A-527,PatrolMac
A-528,AT2
A-529,AirwayEpithelial
A-530,PatrolMac
A-531,AlveolarFibroblast
A-532,Pericyte
A-534,AT2
A-535,AT2
A-536,InflamMac
A-538,AT2
A-539,Pericyte
A-540,AT1
A-542,AlveolarFibroblast
A-543,InterstitialMac
A-545,AT2
A-546,BronchoFibroblast
A-547,MyoFB
A-548,AT1
A-549,Capillary
A-551,MyoFB
A-552,Pericyte
A-553,Pericyte
A-554,AT2
A-555,Capillary
A-557,Vein
A-558,mucosalDC
A-559,Artery
A-560,InflamMac
A-561,AT1
A-562,AT1
A-563,Capillary
A-564,AT1
A-565,BronchoFibroblast
A-568,AT2
A-570,Pericyte
A-571,AT1
A-575,MyoFB
A-576,InflamMac
A-577,AT2
A-578,Pericyte
A-579,Vein
A-580,Vein
A-581,Capillary
A-582,Artery
A-584,AT2
A-591,AT2
A-592,Pericyte
A-593,AlveolarMac
A-595,AT1
A-596,MyoFB
A-598,Pericyte
A-599,MyoFB
A-601,SMC
A-602,InterstitialMac
A-603,Bcell
A-604,InflamMac
A-606,AT2
A-607,AT2
A-608,AT2
A-609,Pericyte
A-610,BronchoFibroblast
A-611,MyoFB
A-612,MyoFB
A-613,Pericyte
A-615,AT2
A-618,InterstitialMac
A-621,Pericyte
A-623,Pericyte
A-625,MyoFB
A-626,Vein
A-628,Pericyte
A-629,AlveolarFibroblast
A-630,Pericyte
A-631,AT2
A-635,AlveolarFibroblast
A-636,Pericyte
A-637,InflamMac
A-638,Vein
A-639,AT1
A-640,Artery
A-642,InflamMac
A-643,Pericyte
A-644,Capillary
A-645,pDC
A-646,InflamMac
A-648,AT2
A-649,InflamMac
A-651,MyoFB
A-652,AT2
A-654,Pericyte
A-655,AlveolarMac
A-656,AT1
A-659,BronchoFibroblast
A-665,AlveolarFibroblast
A-666,Pericyte
A-667,perivascularDC
A-669,Pericyte
A-670,InflamMac
A-671,SMC
A-672,Capillary
A-673,InflamMac
A-675,InflamMac
A-676,AT1
A-677,Pericyte
A-679,AT1
A-680,Vein
A-681,AT2
A-685,Pericyte
A-686,InterstitialMac
A-687,AT2
A-688,AT1
A-691,Capillary
A-692,InterstitialMac
A-693,Capillary
A-694,InterstitialMac
A-695,Capillary
A-696,MyoFB
A-698,AlveolarFibroblast
A-699,AT2
A-700,AT2
A-701,Pericyte
A-702,AT1
A-703,MyoFB
A-704,SMC
A-707,InflamMac
A-708,InterstitialMac
A-709,InterstitialMac
A-710,Artery
A-711,pDC
A-712,Tcell
A-713,Artery
A-714,AT1
A-719,Pericyte
A-720,AlveolarFibroblast
A-722,InterstitialMac
A-723,Pericyte
A-724,Bcell
A-725,Capillary
A-726,MyoFB
A-727,Vein
A-728,AT1
A-729,Artery
A-730,InflamMac
A-733,AT2
A-737,AT1
A-740,Artery
A-744,InflamMac
A-746,Capillary
A-748,SMC
A-749,InterstitialMac
A-750,AT2
A-752,Tcell
A-755,AT1
A-757,AT1
A-758,AlveolarMac
A-759,Capillary
A-762,Capillary
A-764,Tcell
A-765,BronchoFibroblast
A-767,InflamMac
A-769,Pericyte
A-776,MyoFB
A-782,AT2
A-784,Pericyte
A-791,MyoFB
A-792,Pericyte
A-793,MyoFB
A-794,MyoFB
A-795,Pericyte
A-796,Artery
A-797,AT1
A-799,Pericyte
A-800,Pericyte
A-801,InflamMac
A-802,AT1
A-803,BronchoFibroblast
A-804,AT2
A-805,Bcell
A-806,Capillary
A-808,SMC
A-809,Artery
A-810,AlveolarMac
A-811,Pericyte
A-812,InterstitialMac
A-814,AirwayEpithelial
A-816,InflamMac
A-818,AT1
A-819,Artery
A-820,Bcell
A-821,Bcell
A-822,Pericyte
A-823,InflamMac
A-824,AT2
A-825,MyoFB
A-826,AT2
A-827,InflamMac
A-828,Capillary
A-829,AT1
A-831,AlveolarFibroblast
A-832,InflamMac
A-833,AlveolarMac
A-834,pDC
A-835,PatrolMac
A-837,AlveolarFibroblast
A-838,Pericyte
A-839,Pericyte
A-840,AlveolarMac
A-841,Vein
A-842,AT2
A-843,AT2
A-844,AT2
A-845,AT2
A-846,AT1
A-848,AT1
A-850,AT2
A-851,BronchoFibroblast
A-852,Pericyte
A-853,AlveolarFibroblast
A-854,AT2
A-856,InflamMac
A-857,MyoFB
A-859,perivascularDC
A-860,AT2
A-861,Pericyte
A-862,SMC
A-864,InflamMac
A-865,pDC
A-868,Pericyte
A-869,mucosalDC
A-870,InflamMac
A-871,PatrolMac
A-874,Artery
A-875,AT2
A-876,AirwayEpithelial
A-877,AlveolarMac
A-878,InflamMac
A-880,perivascularDC
A-881,AlveolarMac
A-882,AT2
A-883,perivascularDC
A-885,AT2
A-886,AT1
A-887,AT2
A-888,AT2
A-889,BronchoFibroblast
A-891,InterstitialMac
A-892,Pericyte
A-893,InterstitialMac
A-895,Artery
A-896,InflamMac
A-898,InterstitialMac
A-900,InterstitialMac
A-901,AlveolarMac
A-902,AT1
A-903,perivascularDC
A-904,Capillary
A-905,Vein
A-906,Tcell
A-907,AT2
A-909,Artery
A-912,Artery
A-914,AlveolarFibroblast
A-915,Pericyte
A-920,AT1
A-921,AT1
A-922,InflamMac
A-923,Artery
A-924,MyoFB
A-925,Artery
A-926,Vein
A-927,Capillary
A-928,Artery
A-930,MyoFB
A-932,MyoFB
A-933,MyoFB
A-936,MyoFB
A-938,InterstitialMac
A-939,AT1
A-942,Artery
A-943,InflamMac
A-944,Artery
A-945,InflamMac
A-946,BronchoFibroblast
A-947,Pericyte
A-949,Pericyte
A-950,AlveolarFibroblast
A-951,Vein
A-952,AT2
A-953,Pericyte
A-954,Pericyte
A-955,AT2
A-956,InflamMac
A-959,Neutrophil
A-960,AirwayEpithelial
A-961,Artery
A-964,Capillary
A-965,Artery
A-966,AT2
A-967,InflamMac
A-969,InflamMac
A-970,InflamMac
A-971,Pericyte
A-972,Neutrophil
A-975,InflamMac
A-976,Pericyte
A-977,Pericyte
A-978,Bcell
A-979,Artery
A-981,AT1
A-983,InflamMac
A-986,AT1
A-987,InflamMac
A-988,InflamMac
A-989,MyoFB
A-990,AlveolarMac
A-991,BronchoFibroblast
A-993,AlveolarFibroblast
A-995,InflamMac
A-996,Pericyte
A-997,Vein
A-998,AT1
A-999,Artery
A-1001,AirwayEpithelial
A-1002,Artery
A-1003,AT2
A-1004,Pericyte
A-1006,Pericyte
A-1007,AT2
A-1009,AT2
A-1011,Neutrophil
A-1012,perivascularDC
A-1013,InflamMac
A-1018,Pericyte
A-1019,Pericyte
A-1022,MyoFB
A-1023,AT2
A-1024,AT1
A-1025,AirwayEpithelial
A-1026,AT1
A-1027,AT1
A-1028,mucosalDC
A-1029,Pericyte
A-1030,AlveolarFibroblast
A-1031,AT1
A-1032,Pericyte
A-1033,AT2
A-1035,Artery
A-1037,BronchoFibroblast
A-1038,mucosalDC
A-1039,AT1
A-1040,AT2
A-1041,Artery
A-1043,BronchoFibroblast
A-1044,AlveolarMac
A-1045,InflamMac
A-1046,SMC
A-1048,SMC
A-1050,AT1
A-1051,AT1
A-1052,MyoFB
A-1053,AT1
A-1054,PatrolMac
A-1055,Pericyte
A-1056,AT1
A-1058,mucosalDC
A-1060,AT2
A-1061,Artery
A-1063,InflamMac
A-1064,InflamMac
A-1066,InflamMac
A-1067,MyoFB
A-1068,Pericyte
A-1069,Pericyte
A-1071,InflamMac
A-1073,perivascularDC
A-1074,pDC
A-1075,AT1
A-1076,InterstitialMac
A-1078,AT1
A-1081,PatrolMac
A-1083,InflamMac
A-1085,pDC
A-1088,SMC
A-1089,AT1
A-1090,AT1
A-1091,InflamMac
A-1092,AT1
A-1094,MyoFB
A-1098,AT2
A-1104,MyoFB
A-1105,MyoFB
A-1106,AlveolarFibroblast
A-1108,Artery
A-1111,Vein
A-1114,AlveolarFibroblast
A-1118,AT1
A-1119,AlveolarFibroblast
A-1120,AT1
A-1121,Pericyte
A-1122,AT2
A-1123,Artery
A-1124,mucosalDC
A-1125,PatrolMac
A-1126,AT1
A-1127,Capillary
A-1129,Pericyte
A-1131,Pericyte
A-1132,AT2
A-1133,InflamMac
A-1134,MyoFB
A-1135,AlveolarMac
A-1136,BronchoFibroblast
A-1138,Pericyte
A-1139,mucosalDC
A-1140,Pericyte
A-1141,AT2
A-1145,BronchoFibroblast
A-1146,Capillary
A-1147,BronchoFibroblast
A-1148,AT2
A-1149,MyoFB
A-1151,Vein
A-1153,InterstitialMac
A-1154,AirwayEpithelial
A-1155,Artery
A-1156,InterstitialMac
A-1157,Vein
A-1159,AT2
A-1160,mucosalDC
A-1161,mucosalDC
A-1166,AT1
A-1169,AirwayEpithelial
A-1170,BronchoFibroblast
A-1171,mucosalDC
A-1172,Pericyte
A-1175,SMC
A-1177,Pericyte
A-1178,mucosalDC
A-1179,Vein
A-1180,MyoFB
A-1181,SMC
A-1183,Capillary
A-1184,Pericyte
A-1185,Capillary
A-1188,Pericyte
A-1190,AT2
A-1191,mucosalDC
A-1192,AT1
A-1193,Pericyte
A-1194,Pericyte
A-1195,AT2
A-1196,MyoFB
A-1197,Pericyte
A-1199,Bcell
A-1201,Artery
A-1203,Vein
A-1204,InflamMac
A-1205,InflamMac
A-1206,AT2
A-1208,InflamMac
A-1209,AlveolarFibroblast
A-1210,AT1
A-1211,SMC
A-1215,Pericyte
A-1216,BronchoFibroblast
A-1217,MyoFB
A-1218,Pericyte
A-1222,AT1
A-1224,AT1
A-1225,AT1
A-1228,AT1
A-1231,Tcell
A-1232,Vein
A-1233,PatrolMac
A-1234,SMC
A-1235,mucosalDC
A-1236,Pericyte
A-1239,Pericyte
A-1241,MyoFB
A-1242,InflamMac
A-1243,InflamMac
A-1244,AT1
A-1245,AirwayEpithelial
A-1247,InflamMac
A-1248,Vein
A-1249,AirwayEpithelial
A-1250,pDC
A-1251,Pericyte
A-1253,AT2
A-1256,AT2
A-1257,SMC
A-1259,AT1
A-1261,AT1
A-1262,Capillary
A-1263,mucosalDC
A-1264,PatrolMac
A-1265,InflamMac
A-1266,mucosalDC
A-1267,Pericyte
A-1271,Neutrophil
A-1272,Pericyte
A-1273,Capillary
A-1274,InterstitialMac
A-1276,InflamMac
A-1278,AT2
A-1281,InflamMac
A-1282,Vein
A-1283,Vein
A-1284,mucosalDC
A-1285,AT2
A-1286,Pericyte
A-1287,Vein
A-1288,InflamMac
A-1289,BronchoFibroblast
A-1290,Pericyte
A-1293,Bcell
A-1294,pDC
A-1297,AT2
A-1298,BronchoFibroblast
A-1300,Tcell
A-1305,PatrolMac
A-1307,InflamMac
A-1308,MyoFB
A-1309,Artery
A-1310,MyoFB
A-1311,AT1
A-1314,Pericyte
A-1315,AlveolarFibroblast
A-1316,InflamMac
A-1317,mucosalDC
A-1318,BronchoFibroblast
A-1320,Vein
A-1321,mucosalDC
A-1322,AT2
A-1323,Vein
A-1324,AlveolarFibroblast
A-1325,AlveolarFibroblast
A-1329,Tcell
A-1330,Artery
A-1331,InterstitialMac
A-1333,Pericyte
A-1334,Pericyte
A-1335,AT1
A-1337,mucosalDC
A-1338,Capillary
A-1340,BronchoFibroblast
A-1343,AlveolarMac
A-1344,AT2
A-1345,InflamMac
A-1346,InflamMac
A-1348,mucosalDC
A-1349,AT1
A-1350,Pericyte
A-1351,AT1
A-1352,SMC
A-1353,PatrolMac
A-1354,Capillary
A-1355,perivascularDC
A-1356,AT1
A-1357,Pericyte
A-1358,BronchoFibroblast
A-1359,Vein
A-1361,AT1
A-1362,mucosalDC
A-1363,MyoFB
A-1366,InflamMac
A-1367,Pericyte
A-1368,Pericyte
A-1370,InterstitialMac
A-1371,Pericyte
A-1373,AT1
A-1374,AT1
A-1375,Vein
A-1380,AT1
A-1381,Vein
A-1382,AT1
A-1383,InflamMac
A-1386,AT2
A-1388,InflamMac
A-1389,AlveolarFibroblast
A-1390,AlveolarMac
A-1391,MyoFB
A-1396,AT1
A-1398,AT1
A-1400,MyoFB
A-1403,AT1
A-1411,MyoFB
A-1412,AT1
A-1414,Pericyte
A-1417,AT2
A-1418,Vein
A-1419,Pericyte
A-1421,Vein
A-1422,BronchoFibroblast
A-1423,AirwayEpithelial
A-1424,MyoFB
A-1426,BronchoFibroblast
A-1428,AT2
A-1429,SMC
A-1430,Artery
A-1431,AT2
A-1432,AT1
A-1433,mucosalDC
A-1435,BronchoFibroblast
A-1439,Capillary
A-1440,Capillary
A-1441,InterstitialMac
A-1443,InflamMac
A-1444,AT2
A-1447,AT1
A-1448,Pericyte
A-1450,pDC
A-1451,Vein
A-1452,AT1
A-1453,MyoFB
A-1458,AirwayEpithelial
A-1461,Capillary
A-1462,MyoFB
A-1463,BronchoFibroblast
A-1464,Tcell
A-1465,Tcell
A-1466,Pericyte
A-1467,Tcell
A-1468,InterstitialMac
A-1469,AirwayEpithelial
A-1470,AirwayEpithelial
A-1471,AirwayEpithelial
A-1472,Capillary
A-1473,Tcell
A-1474,Tcell
A-1475,InflamMac
A-1476,Capillary
A-1477,AirwayEpithelial
A-1478,AirwayEpithelial
A-1479,Tcell
A-1481,AirwayEpithelial
A-1482,AirwayEpithelial
A-1483,Tcell
A-1484,Artery
A-1485,InflamMac
A-1486,SMC
A-1489,AirwayEpithelial
A-1490,Tcell
A-1491,Tcell
A-1492,AlveolarFibroblast
A-1493,Tcell
A-1494,SMC
A-1495,Tcell
A-1496,Capillary
A-1497,BronchoFibroblast
A-1499,AirwayEpithelial
A-1500,SMC
A-1501,Tcell
A-1502,BronchoFibroblast
A-1503,Tcell
A-1504,AirwayEpithelial
A-1505,Tcell
A-1506,Capillary
A-1507,Tcell
A-1508,Capillary
A-1509,Tcell
A-1510,Capillary
A-1511,Capillary
A-1513,InterstitialMac
A-1514,AirwayEpithelial
A-1515,Capillary
A-1517,Tcell
A-1518,MyoFB
A-1520,BronchoFibroblast
A-1521,SMC
A-1522,AirwayEpithelial
A-1523,Tcell
A-1524,SMC
A-1525,AirwayEpithelial
A-1526,Capillary
A-1529,AirwayEpithelial
A-1530,Tcell
A-1532,Tcell
A-1533,InflamMac
A-1534,BronchoFibroblast
A-1536,Tcell
A-1537,Neutrophil
A-1538,Pericyte
A-1540,Tcell
A-1542,Capillary
A-1543,AirwayEpithelial
A-1545,AirwayEpithelial
A-1546,AirwayEpithelial
A-1547,MyoFB
A-1550,Tcell
A-1551,AirwayEpithelial
A-1552,Tcell
A-1553,SMC
A-1554,AirwayEpithelial
A-1555,Tcell
A-1557,AirwayEpithelial
A-1558,Tcell
A-1559,BronchoFibroblast
A-1560,MyoFB
A-1563,Tcell
A-1564,AirwayEpithelial
A-1565,MyoFB
A-1566,Tcell
A-1567,Tcell
A-1569,Tcell
A-1570,Capillary
A-1571,SMC
A-1573,AirwayEpithelial
A-1574,Tcell
A-1575,Tcell
A-1576,AirwayEpithelial
A-1577,AirwayEpithelial
A-1578,AirwayEpithelial
A-1579,BronchoFibroblast
A-1580,AirwayEpithelial
A-1581,Capillary
A-1582,Capillary
A-1583,Capillary
A-1584,AirwayEpithelial
A-1585,AirwayEpithelial
A-1586,AlveolarFibroblast
A-1587,AirwayEpithelial
A-1588,Capillary
A-1589,AirwayEpithelial
A-1590,Capillary
A-1591,Neutrophil
A-1592,AirwayEpithelial
A-1593,Tcell
A-1594,Tcell
A-1595,SMC
A-1596,AirwayEpithelial
A-1597,Tcell
A-1599,Tcell
A-1600,Tcell
A-1601,Tcell
A-1603,AirwayEpithelial
A-1604,Tcell
A-1605,SMC
A-1606,Tcell
A-1607,AirwayEpithelial
A-1611,InflamMac
A-1612,Capillary
A-1613,InflamMac
A-1615,AirwayEpithelial
A-1617,AirwayEpithelial
A-1619,Tcell
A-1620,Tcell
A-1623,AirwayEpithelial
A-1624,Tcell
A-1625,Tcell
A-1626,Tcell
A-1627,Tcell
A-1628,AirwayEpithelial
A-1629,MyoFB
A-1630,Tcell
A-1631,AirwayEpithelial
A-1632,AirwayEpithelial
A-1634,AirwayEpithelial
A-1635,Tcell
A-1637,InflamMac
A-1638,AirwayEpithelial
A-1639,Tcell
A-1640,Tcell
A-1641,AirwayEpithelial
A-1643,AirwayEpithelial
A-1644,Tcell
A-1645,SMC
A-1646,Tcell
A-1647,Tcell
A-1648,BronchoFibroblast
A-1649,BronchoFibroblast
A-1650,AlveolarFibroblast
A-1651,Neutrophil
A-1652,Tcell
A-1654,Tcell
A-1655,AirwayEpithelial
A-1657,AirwayEpithelial
A-1658,AirwayEpithelial
A-1659,AirwayEpithelial
A-1660,AirwayEpithelial
A-1661,Tcell
A-1662,Tcell
A-1663,Bcell
A-1664,Tcell
A-1665,AT1
A-1666,AirwayEpithelial
A-1667,Tcell
A-1668,Tcell
A-1669,AlveolarFibroblast
A-1670,Capillary
A-1672,AirwayEpithelial
A-1673,Tcell
A-1674,Tcell
A-1675,Bcell
A-1676,AirwayEpithelial
A-1677,Tcell
A-1678,MyoFB
A-1679,AirwayEpithelial
A-1680,Tcell
A-1681,MyoFB
A-1682,AirwayEpithelial
A-1683,SMC
A-1684,Tcell
A-1685,Pericyte
A-1686,SMC
A-1687,Capillary
A-1688,Capillary
A-1689,AirwayEpithelial
A-1690,Tcell
A-1692,Tcell
A-1693,InterstitialMac
A-1694,SMC
A-1695,Tcell
A-1696,AirwayEpithelial
A-1697,Capillary
A-1698,AirwayEpithelial
A-1699,AirwayEpithelial
A-1700,AirwayEpithelial
A-1701,MyoFB
A-1703,AirwayEpithelial
A-1704,AirwayEpithelial
A-1705,AirwayEpithelial
A-1706,Tcell
A-1707,AirwayEpithelial
A-1708,Tcell
A-1709,Tcell
A-1710,SMC
A-1712,Tcell
A-1713,Capillary
A-1714,Capillary
A-1716,Capillary
A-1717,AirwayEpithelial
A-1718,Tcell
A-1719,AirwayEpithelial
A-1721,BronchoFibroblast
A-1723,AirwayEpithelial
A-1724,AirwayEpithelial
A-1725,Tcell
A-1727,Tcell
A-1728,AirwayEpithelial
A-1729,BronchoFibroblast
A-1730,AirwayEpithelial
A-1733,AirwayEpithelial
A-1735,Tcell
A-1736,BronchoFibroblast
A-1737,SMC
A-1738,AirwayEpithelial
A-1739,AirwayEpithelial
A-1740,Tcell
A-1741,AirwayEpithelial
A-1743,AirwayEpithelial
A-1744,BronchoFibroblast
A-1745,AirwayEpithelial
A-1747,AirwayEpithelial
A-1748,Tcell
A-1750,Capillary
A-1752,Tcell
A-1753,Capillary
A-1754,Bcell
A-1755,SMC
A-1756,InterstitialMac
A-1757,Capillary
A-1759,Tcell
A-1760,Capillary
A-1761,AirwayEpithelial
A-1762,AirwayEpithelial
A-1763,Tcell
A-1764,AirwayEpithelial
A-1765,MyoFB
A-1766,AirwayEpithelial
A-1769,AirwayEpithelial
A-1770,AirwayEpithelial
A-1771,AirwayEpithelial
A-1772,SMC
A-1773,AirwayEpithelial
A-1774,BronchoFibroblast
A-1775,AirwayEpithelial
A-1776,AirwayEpithelial
A-1777,AirwayEpithelial
A-1778,SMC
A-1779,AirwayEpithelial
A-1780,Tcell
A-1781,AirwayEpithelial
A-1785,Tcell
A-1786,AlveolarFibroblast
A-1788,SMC
A-1789,AirwayEpithelial
A-1790,Tcell
A-1791,AirwayEpithelial
A-1792,AT1
A-1793,BronchoFibroblast
A-1794,Tcell
A-1795,AirwayEpithelial
A-1796,Tcell
A-1798,AirwayEpithelial
A-1799,AirwayEpithelial
A-1800,AirwayEpithelial
A-1801,SMC
A-1802,Tcell
A-1803,Capillary
A-1804,AirwayEpithelial
A-1805,AirwayEpithelial
A-1807,AlveolarFibroblast
A-1808,MyoFB
A-1809,InterstitialMac
A-1810,Tcell
A-1811,Tcell
A-1812,Tcell
A-1813,AirwayEpithelial
A-1818,AirwayEpithelial
A-1821,AirwayEpithelial
A-1823,AirwayEpithelial
A-1825,AirwayEpithelial
A-1826,Tcell
A-1827,InflamMac
A-1828,Tcell
A-1829,AT2
A-1830,AirwayEpithelial
A-1831,AirwayEpithelial
A-1832,InflamMac
A-1835,Capillary
A-1837,InflamMac
A-1838,MyoFB
A-1839,MyoFB
A-1840,AirwayEpithelial
A-1843,AirwayEpithelial
A-1844,AirwayEpithelial
A-1845,AirwayEpithelial
A-1850,SMC
A-1852,AirwayEpithelial
A-1854,AirwayEpithelial
A-1855,Capillary
A-1856,Tcell
A-1857,AirwayEpithelial
A-1860,Capillary
A-1864,AirwayEpithelial
A-1866,AirwayEpithelial
A-1867,Tcell
A-1868,SMC
A-1869,Capillary
A-1870,BronchoFibroblast
A-1871,AT1
A-1873,AirwayEpithelial
A-1874,InflamMac
A-1875,SMC
A-1877,Capillary
A-1879,Capillary
A-1880,AirwayEpithelial
A-1881,AirwayEpithelial
A-1882,BronchoFibroblast
A-1885,Tcell
A-1889,Capillary
A-1890,BronchoFibroblast
A-1891,Tcell
A-1892,SMC
A-1893,Pericyte
A-1895,BronchoFibroblast
A-1897,Tcell
A-1900,BronchoFibroblast
A-1901,Neutrophil
A-1902,Artery
A-1903,PatrolMac
A-1904,Capillary
A-1905,AT2
A-1907,SMC
A-1908,BronchoFibroblast
A-1909,Tcell
A-1910,AirwayEpithelial
A-1911,AirwayEpithelial
A-1913,PatrolMac
A-1914,Tcell
A-1916,Artery
A-1917,Pericyte
A-1918,Bcell
A-1920,AT2
A-1924,InflamMac
A-1925,AirwayEpithelial
A-1927,Pericyte
A-1928,Tcell
A-1929,BronchoFibroblast
A-1930,AT2
A-1931,Pericyte
A-1932,Artery
A-1934,Tcell
A-1937,Tcell
A-1938,Pericyte
A-1939,perivascularDC
A-1940,InflamMac
A-1941,AT1
A-1942,Tcell
A-1943,AirwayEpithelial
A-1945,Vein
A-1946,MyoFB
A-1947,PatrolMac
A-1949,AT2
A-1950,AirwayEpithelial
A-1951,InterstitialMac
A-1952,AT2
A-1953,InflamMac
A-1954,InflamMac
A-1955,InflamMac
A-1956,Pericyte
A-1959,PatrolMac
A-1960,AT2
A-1962,AT1
A-1964,MyoFB
A-1967,Tcell
A-1969,SMC
A-1970,PatrolMac
A-1971,AT1
A-1974,AirwayEpithelial
A-1975,InflamMac
A-1976,MyoFB
A-1977,MyoFB
A-1979,InterstitialMac
A-1980,InflamMac
A-1981,InterstitialMac
A-1983,Tcell
A-1984,Tcell
A-1985,AlveolarFibroblast
A-1986,PatrolMac
A-1987,MyoFB
A-1988,AirwayEpithelial
A-1989,AirwayEpithelial
A-1990,Tcell
A-1991,InflamMac
A-1992,AT2
A-1994,Artery
A-1999,PatrolMac
A-2000,Neutrophil
A-2001,AT2
A-2002,PatrolMac
A-2003,InflamMac
A-2005,Tcell
A-2006,AT1
A-2007,InflamMac
A-2008,Pericyte
A-2009,Artery
A-2010,Bcell
A-2011,AT1
A-2013,Pericyte
A-2014,BronchoFibroblast
A-2015,PatrolMac
A-2017,InflamMac
A-2018,AT1
A-2019,InterstitialMac
A-2021,Tcell
A-2022,Pericyte
A-2023,AirwayEpithelial
A-2024,SMC
A-2025,AT2
A-2026,AlveolarMac
A-2027,Pericyte
A-2029,PatrolMac
A-2030,MyoFB
A-2031,AirwayEpithelial
A-2032,AirwayEpithelial
A-2034,AirwayEpithelial
A-2036,perivascularDC
A-2037,InflamMac
A-2038,AlveolarMac
A-2040,AT2
A-2041,InterstitialMac
A-2042,AirwayEpithelial
A-2043,PatrolMac
A-2044,AT2
A-2045,AT1
A-2046,InflamMac
A-2047,AirwayEpithelial
A-2048,AT2
A-2050,Capillary
A-2051,Tcell
A-2052,AirwayEpithelial
A-2053,Pericyte
A-2054,AirwayEpithelial
A-2055,Pericyte
A-2057,AirwayEpithelial
A-2058,Pericyte
A-2059,AlveolarMac
A-2060,PatrolMac
A-2062,InflamMac
A-2063,AirwayEpithelial
A-2065,InterstitialMac
A-2066,AirwayEpithelial
A-2067,AlveolarMac
A-2069,AirwayEpithelial
A-2071,AirwayEpithelial
A-2073,AT2
A-2074,pDC
A-2075,AirwayEpithelial
A-2076,BronchoFibroblast
A-2077,SMC
A-2078,AT1
A-2079,Pericyte
A-2081,Artery
A-2082,AlveolarFibroblast
A-2083,AirwayEpithelial
A-2084,Pericyte
A-2085,AlveolarFibroblast
A-2086,InflamMac
A-2087,Vein
A-2090,BronchoFibroblast
A-2092,AirwayEpithelial
A-2093,AT2
A-2094,AlveolarMac
A-2095,Artery
A-2097,InflamMac
A-2098,AirwayEpithelial
A-2100,AlveolarFibroblast
A-2102,InflamMac
A-2106,InflamMac
A-2110,Bcell
A-2111,Pericyte
A-2112,InflamMac
A-2113,SMC
A-2114,PatrolMac
A-2117,AirwayEpithelial
A-2118,Pericyte
A-2120,Pericyte
A-2121,Artery
A-2122,AirwayEpithelial
A-2123,BronchoFibroblast
A-2126,Pericyte
A-2127,Artery
A-2130,InflamMac
A-2131,AlveolarFibroblast
A-2132,AT1
A-2133,InflamMac
A-2137,AlveolarFibroblast
A-2138,AirwayEpithelial
A-2139,BronchoFibroblast
A-2140,Capillary
A-2141,InflamMac
A-2143,AirwayEpithelial
A-2145,AlveolarMac
A-2146,PatrolMac
A-2147,Artery
A-2148,InflamMac
A-2151,SMC
A-2153,Tcell
A-2154,BronchoFibroblast
A-2156,Pericyte
A-2157,InflamMac
A-2159,PatrolMac
A-2161,AlveolarFibroblast
A-2162,AirwayEpithelial
A-2166,Bcell
A-2168,BronchoFibroblast
A-2169,Tcell
A-2170,InterstitialMac
A-2171,AlveolarFibroblast
A-2173,Capillary
A-2174,Pericyte
A-2176,AirwayEpithelial
A-2177,BronchoFibroblast
A-2178,PatrolMac
A-2179,InflamMac
A-2180,InflamMac
A-2182,AirwayEpithelial
A-2184,SMC
A-2185,InterstitialMac
A-2188,InflamMac
A-2189,Tcell
A-2190,MyoFB
A-2192,AT1
A-2193,AirwayEpithelial
A-2194,Artery
A-2195,AT2
A-2197,AirwayEpithelial
A-2199,Capillary
A-2200,Artery
A-2201,AT2
A-2203,AirwayEpithelial
A-2205,AirwayEpithelial
A-2206,InflamMac
A-2207,InflamMac
A-2208,Tcell
A-2209,Pericyte
A-2211,Artery
A-2213,AirwayEpithelial
A-2215,InflamMac
A-2216,AlveolarMac
A-2217,AirwayEpithelial
A-2218,InflamMac
A-2219,AirwayEpithelial
A-2221,AlveolarMac
A-2222,AirwayEpithelial
A-2223,SMC
A-2225,SMC
A-2226,AirwayEpithelial
A-2228,BronchoFibroblast
A-2229,AT2
A-2230,AlveolarFibroblast
A-2231,AlveolarFibroblast
A-2232,Vein
A-2234,BronchoFibroblast
A-2237,InflamMac
A-2238,BronchoFibroblast
A-2240,BronchoFibroblast
A-2241,MyoFB
A-2242,AT1
A-2244,InflamMac
A-2245,AirwayEpithelial
A-2246,AirwayEpithelial
A-2247,Tcell
A-2248,Tcell
A-2249,Neutrophil
A-2250,AT2
A-2252,Capillary
A-2254,AirwayEpithelial
A-2255,InterstitialMac
A-2256,AlveolarFibroblast
A-2258,InflamMac
A-2260,AirwayEpithelial
A-2265,Artery
A-2266,AirwayEpithelial
A-2270,pDC
A-2273,InflamMac
A-2276,Capillary
A-2277,perivascularDC
A-2278,InflamMac
A-2280,MyoFB
A-2284,InflamMac
A-2285,AirwayEpithelial
A-2287,AirwayEpithelial
A-2288,SMC
A-2289,Pericyte
A-2290,mucosalDC
A-2292,InflamMac
A-2294,AT1
A-2295,Tcell
A-2297,AirwayEpithelial
A-2298,SMC
A-2303,AirwayEpithelial
A-2304,InflamMac
A-2305,AirwayEpithelial
A-2308,AT1
A-2310,BronchoFibroblast
A-2311,AlveolarFibroblast
A-2312,AirwayEpithelial
A-2314,AirwayEpithelial
A-2315,PatrolMac
A-2316,Tcell
A-2319,Tcell
A-2320,Capillary
A-2324,MyoFB
A-2325,MyoFB
A-2326,AirwayEpithelial
A-2327,AT2
A-2328,InflamMac
A-2329,BronchoFibroblast
A-2330,BronchoFibroblast
A-2331,Capillary
A-2332,Tcell
A-2333,AirwayEpithelial
A-2334,AlveolarFibroblast
A-2336,SMC
A-2337,SMC
A-2338,AlveolarFibroblast
A-2339,MyoFB
A-2340,Tcell
A-2342,AlveolarFibroblast
A-2343,SMC
A-2344,BronchoFibroblast
A-2345,Bcell
A-2347,InflamMac
A-2348,InterstitialMac
A-2349,Bcell
A-2351,SMC
A-2352,SMC
A-2353,SMC
A-2354,BronchoFibroblast
A-2355,SMC
A-2356,AirwayEpithelial
A-2357,SMC
A-2359,AlveolarFibroblast
A-2360,Capillary
A-2361,BronchoFibroblast
A-2362,Bcell
A-2363,AlveolarFibroblast
A-2364,Vein
A-2365,MyoFB
A-2366,AlveolarMac
A-2367,Artery
A-2368,Tcell
A-2369,AirwayEpithelial
A-2370,Artery
A-2371,AirwayEpithelial
A-2372,SMC
A-2373,PatrolMac
A-2374,AirwayEpithelial
A-2375,AirwayEpithelial
A-2376,AirwayEpithelial
A-2377,BronchoFibroblast
A-2378,AirwayEpithelial
A-2379,SMC
A-2380,AirwayEpithelial
A-2381,AirwayEpithelial
A-2384,Tcell
A-2385,BronchoFibroblast
A-2386,Neutrophil
A-2387,Bcell
A-2388,InterstitialMac
A-2389,SMC
A-2390,AT2
A-2392,MyoFB
A-2393,SMC
A-2394,AirwayEpithelial
A-2396,AirwayEpithelial
A-2398,InflamMac
A-2399,SMC
A-2400,InflamMac
A-2401,Tcell
A-2402,Tcell
A-2404,AirwayEpithelial
A-2406,InflamMac
A-2407,InflamMac
A-2409,BronchoFibroblast
A-2410,AirwayEpithelial
A-2411,AirwayEpithelial
A-2412,BronchoFibroblast
A-2413,AirwayEpithelial
A-2415,InterstitialMac
A-2417,perivascularDC
A-2418,InflamMac
A-2419,SMC
A-2420,AirwayEpithelial
A-2421,Tcell
A-2422,AirwayEpithelial
A-2423,Bcell
A-2424,MyoFB
A-2426,AlveolarFibroblast
A-2427,Neutrophil
A-2428,BronchoFibroblast
A-2429,SMC
A-2430,AirwayEpithelial
A-2431,BronchoFibroblast
A-2432,PatrolMac
A-2433,BronchoFibroblast
A-2434,SMC
A-2436,AirwayEpithelial
A-2437,BronchoFibroblast
A-2438,SMC
A-2439,InflamMac
A-2440,SMC
A-2441,BronchoFibroblast
A-2442,BronchoFibroblast
A-2443,AlveolarMac
A-2444,InflamMac
A-2445,Vein
A-2446,SMC
A-2448,AirwayEpithelial
A-2449,AirwayEpithelial
A-2450,InterstitialMac
A-2451,SMC
A-2452,InterstitialMac
A-2453,InflamMac
A-2454,InterstitialMac
A-2456,BronchoFibroblast
A-2457,Bcell
A-2459,AirwayEpithelial
A-2460,InterstitialMac
A-2462,BronchoFibroblast
A-2464,Artery
A-2465,AirwayEpithelial
A-2466,SMC
A-2467,AlveolarFibroblast
A-2468,AirwayEpithelial
A-2469,AirwayEpithelial
A-2471,AirwayEpithelial
A-2473,SMC
A-2474,InterstitialMac
A-2475,InflamMac
A-2476,BronchoFibroblast
A-2477,InterstitialMac
A-2478,SMC
A-2479,AirwayEpithelial
A-2480,InterstitialMac
A-2481,BronchoFibroblast
A-2482,AlveolarFibroblast
A-2483,AirwayEpithelial
A-2484,Bcell
A-2485,AlveolarFibroblast
A-2486,Neutrophil
A-2487,SMC
A-2488,SMC
A-2489,Capillary
A-2490,InterstitialMac
A-2491,SMC
A-2493,SMC
A-2494,BronchoFibroblast
A-2495,BronchoFibroblast
A-2496,Tcell
A-2497,InterstitialMac
A-2499,AirwayEpithelial
A-2500,SMC
A-2501,AirwayEpithelial
A-2502,SMC
A-2504,Pericyte
A-2506,SMC
A-2507,InflamMac
A-2508,Bcell
A-2511,InterstitialMac
A-2512,MyoFB
A-2513,AirwayEpithelial
A-2514,AirwayEpithelial
A-2515,InflamMac
A-2516,AT1
A-2517,AlveolarMac
A-2519,AirwayEpithelial
A-2521,Tcell
A-2522,AirwayEpithelial
A-2523,BronchoFibroblast
A-2525,SMC
A-2526,AlveolarFibroblast
A-2527,BronchoFibroblast
A-2528,AirwayEpithelial
A-2529,BronchoFibroblast
A-2530,AlveolarFibroblast
A-2531,AirwayEpithelial
A-2532,BronchoFibroblast
A-2533,BronchoFibroblast
A-2534,BronchoFibroblast
A-2535,Bcell
A-2537,BronchoFibroblast
A-2539,InterstitialMac
A-2540,AirwayEpithelial
A-2541,BronchoFibroblast
A-2542,AT2
A-2543,AirwayEpithelial
A-2544,BronchoFibroblast
A-2546,SMC
A-2547,AirwayEpithelial
A-2548,Tcell
A-2551,MyoFB
A-2553,Pericyte
A-2554,AirwayEpithelial
A-2555,SMC
A-2556,InflamMac
A-2558,SMC
A-2559,Capillary
A-2560,AirwayEpithelial
A-2561,AirwayEpithelial
A-2563,AirwayEpithelial
A-2564,MyoFB
A-2565,SMC
A-2566,AirwayEpithelial
A-2567,SMC
A-2569,Bcell
A-2570,SMC
A-2571,BronchoFibroblast
A-2572,BronchoFibroblast
A-2573,AirwayEpithelial
A-2574,AirwayEpithelial
A-2576,AirwayEpithelial
A-2577,BronchoFibroblast
A-2578,InflamMac
A-2579,Tcell
A-2580,AirwayEpithelial
A-2581,Bcell
A-2582,BronchoFibroblast
A-2583,SMC
A-2585,AlveolarMac
A-2586,Vein
A-2587,Tcell
A-2588,SMC
A-2589,SMC
A-2590,BronchoFibroblast
A-2591,MyoFB
A-2592,mucosalDC
A-2593,InflamMac
A-2594,BronchoFibroblast
A-2595,AirwayEpithelial
A-2596,BronchoFibroblast
A-2597,AT2
A-2601,MyoFB
A-2602,AirwayEpithelial
A-2603,Tcell
A-2605,AirwayEpithelial
A-2607,SMC
A-2609,InterstitialMac
A-2610,InflamMac
A-2614,AlveolarFibroblast
A-2617,PatrolMac
A-2620,AirwayEpithelial
A-2621,Tcell
A-2622,BronchoFibroblast
A-2623,AirwayEpithelial
A-2624,BronchoFibroblast
A-2625,Tcell
A-2626,SMC
A-2627,BronchoFibroblast
A-2628,Vein
A-2629,SMC
A-2630,AirwayEpithelial
A-2632,AirwayEpithelial
A-2633,InterstitialMac
A-2634,InflamMac
A-2635,AirwayEpithelial
A-2636,Neutrophil
A-2637,AirwayEpithelial
A-2638,AirwayEpithelial
A-2640,Vein
A-2642,AlveolarMac
A-2643,SMC
A-2644,Artery
A-2646,AlveolarFibroblast
A-2647,AirwayEpithelial
A-2648,Bcell
A-2649,AlveolarMac
A-2651,MyoFB
A-2652,Bcell
A-2657,InterstitialMac
A-2658,AirwayEpithelial
A-2659,SMC
A-2660,AirwayEpithelial
A-2661,AirwayEpithelial
A-2662,SMC
A-2663,AirwayEpithelial
A-2664,Tcell
A-2665,AirwayEpithelial
A-2666,InterstitialMac
A-2667,InflamMac
A-2668,Vein
A-2669,BronchoFibroblast
A-2670,AirwayEpithelial
A-2671,MyoFB
A-2672,AirwayEpithelial
A-2673,SMC
A-2674,InterstitialMac
A-2675,Tcell
A-2677,BronchoFibroblast
A-2678,InflamMac
A-2679,AirwayEpithelial
A-2680,Tcell
A-2681,AT2
A-2683,InterstitialMac
A-2685,Pericyte
A-2687,SMC
A-2689,Artery
A-2690,AirwayEpithelial
A-2691,AirwayEpithelial
A-2692,Neutrophil
A-2693,AirwayEpithelial
A-2694,Bcell
A-2697,SMC
A-2698,Vein
A-2701,Tcell
A-2702,SMC
A-2704,Tcell
A-2706,InterstitialMac
A-2709,BronchoFibroblast
A-2710,BronchoFibroblast
A-2712,InterstitialMac
A-2713,AirwayEpithelial
A-2714,AlveolarFibroblast
A-2715,SMC
A-2717,Artery
A-2719,AirwayEpithelial
A-2721,SMC
A-2722,InterstitialMac
A-2724,InterstitialMac
A-2726,InterstitialMac
A-2727,Neutrophil
A-2728,AirwayEpithelial
A-2729,AirwayEpithelial
A-2730,AirwayEpithelial
A-2734,Pericyte
A-2736,BronchoFibroblast
A-2737,InflamMac
A-2738,BronchoFibroblast
A-2739,AlveolarFibroblast
A-2740,SMC
A-2741,Capillary
A-2742,PatrolMac
A-2743,InflamMac
A-2745,PatrolMac
A-2746,BronchoFibroblast
A-2747,InterstitialMac
A-2748,SMC
A-2749,AirwayEpithelial
A-2750,SMC
A-2753,SMC
A-2754,Tcell
A-2755,AirwayEpithelial
A-2757,PatrolMac
A-2758,Tcell
A-2760,AirwayEpithelial
A-2761,InterstitialMac
A-2762,BronchoFibroblast
A-2764,MyoFB
A-2765,InterstitialMac
A-2770,InterstitialMac
A-2772,PatrolMac
A-2773,SMC
A-2774,AlveolarFibroblast
A-2775,AirwayEpithelial
A-2776,InterstitialMac
A-2779,Bcell
A-2780,AirwayEpithelial
A-2784,Tcell
A-2785,Bcell
A-2787,Bcell
A-2788,BronchoFibroblast
A-2789,InterstitialMac
A-2790,BronchoFibroblast
A-2791,SMC
A-2793,PatrolMac
A-2795,SMC
A-2797,SMC
A-2798,SMC
A-2799,AlveolarFibroblast
A-2801,PatrolMac
A-2802,InflamMac
A-2804,AirwayEpithelial
A-2805,AirwayEpithelial
A-2808,SMC
A-2810,BronchoFibroblast
A-2813,BronchoFibroblast
A-2815,AirwayEpithelial
A-2816,SMC
A-2817,BronchoFibroblast
A-2818,AlveolarFibroblast
A-2822,SMC
A-2823,SMC
A-2825,SMC
A-2826,AlveolarFibroblast
A-2827,AlveolarFibroblast
A-2828,SMC
A-2829,AirwayEpithelial
A-2831,BronchoFibroblast
A-2832,MyoFB
A-2833,AT2
A-2834,SMC
A-2837,SMC
A-2840,Pericyte
A-2841,AirwayEpithelial
A-2842,InterstitialMac
A-2843,AirwayEpithelial
A-2844,AirwayEpithelial
A-2847,Artery
A-2848,SMC
A-2849,PatrolMac
A-2850,AirwayEpithelial
A-2851,Tcell
A-2852,Vein
A-2853,PatrolMac
A-2854,BronchoFibroblast
A-2855,AT1
A-2856,AlveolarFibroblast
A-2857,BronchoFibroblast
A-2858,Capillary
A-2860,AirwayEpithelial
A-2861,AirwayEpithelial
A-2862,AirwayEpithelial
A-2863,AirwayEpithelial
A-2864,AlveolarMac
A-2866,AlveolarMac
A-2867,AT2
A-2868,AT2
A-2869,PatrolMac
A-2870,SMC
A-2871,AT1
A-2872,AlveolarMac
A-2873,mucosalDC
A-2874,AirwayEpithelial
A-2875,AirwayEpithelial
A-2876,AT1
A-2877,AirwayEpithelial
A-2878,SMC
A-2879,SMC
A-2880,AT2
A-2881,InflamMac
A-2882,SMC
A-2883,InflamMac
A-2884,AirwayEpithelial
A-2885,Tcell
A-2886,AirwayEpithelial
A-2887,Tcell
A-2888,Capillary
A-2889,AirwayEpithelial
A-2890,Pericyte
A-2892,SMC
A-2893,PatrolMac
A-2894,Capillary
A-2896,MyoFB
A-2897,AlveolarFibroblast
A-2898,Pericyte
A-2899,AlveolarFibroblast
A-2900,InflamMac
A-2901,Pericyte
A-2902,AlveolarFibroblast
A-2903,Artery
A-2904,AirwayEpithelial
A-2905,AirwayEpithelial
A-2906,AirwayEpithelial
A-2907,AirwayEpithelial
A-2909,BronchoFibroblast
A-2911,SMC
A-2912,Artery
A-2913,Pericyte
A-2914,AirwayEpithelial
A-2915,Artery
A-2916,Bcell
A-2917,SMC
A-2918,PatrolMac
A-2919,SMC
A-2920,Capillary
A-2921,AT1
A-2922,SMC
A-2923,Pericyte
A-2924,Pericyte
A-2925,AirwayEpithelial
A-2926,InterstitialMac
A-2927,Tcell
A-2928,Bcell
A-2929,AirwayEpithelial
A-2930,AirwayEpithelial
A-2931,AT1
A-2932,InflamMac
A-2933,MyoFB
A-2934,AirwayEpithelial
A-2935,AirwayEpithelial
A-2936,SMC
A-2937,AT1
A-2938,AT2
A-2939,Pericyte
A-2940,InterstitialMac
A-2941,BronchoFibroblast
A-2942,AirwayEpithelial
A-2943,InflamMac
A-2944,AirwayEpithelial
A-2946,InflamMac
A-2947,AlveolarFibroblast
A-2948,Pericyte
A-2949,SMC
A-2950,InflamMac
A-2951,AirwayEpithelial
A-2953,AlveolarFibroblast
A-2954,AirwayEpithelial
A-2956,perivascularDC
A-2957,Artery
A-2959,InflamMac
A-2960,Neutrophil
A-2962,Tcell
A-2963,Capillary
A-2964,SMC
A-2965,SMC
A-2966,AT1
A-2968,AlveolarFibroblast
A-2969,InflamMac
A-2971,Vein
A-2972,BronchoFibroblast
A-2973,Pericyte
A-2975,AirwayEpithelial
A-2977,AirwayEpithelial
A-2978,AirwayEpithelial
A-2979,SMC
A-2980,pDC
A-2981,AirwayEpithelial
A-2982,AlveolarMac
A-2983,Bcell
A-2984,pDC
A-2985,InflamMac
A-2986,BronchoFibroblast
A-2987,Artery
A-2989,Artery
A-2990,InflamMac
A-2992,AirwayEpithelial
A-2993,perivascularDC
A-2996,Pericyte
A-2997,Tcell
A-2998,Artery
A-2999,Bcell
A-3000,AirwayEpithelial
A-3001,AirwayEpithelial
A-3003,AT2
A-3004,Pericyte
A-3005,SMC
A-3006,BronchoFibroblast
A-3008,Tcell
A-3009,Tcell
A-3010,Capillary
A-3011,AlveolarFibroblast
A-3012,SMC
A-3014,Bcell
A-3015,MyoFB
A-3016,Artery
A-3017,AirwayEpithelial
A-3018,InflamMac
A-3019,InflamMac
A-3020,perivascularDC
A-3022,InflamMac
A-3023,Artery
A-3024,SMC
A-3026,pDC
A-3028,AirwayEpithelial
A-3029,AT2
A-3031,MyoFB
A-3032,Capillary
A-3033,AirwayEpithelial
A-3034,AT1
A-3037,SMC
A-3038,AlveolarMac
A-3039,Capillary
A-3040,AT2
A-3041,PatrolMac
A-3043,Artery
A-3044,AT1
A-3045,Tcell
A-3046,Bcell
A-3047,InflamMac
A-3049,MyoFB
A-3050,AirwayEpithelial
A-3052,Capillary
A-3053,SMC
A-3054,BronchoFibroblast
A-3055,AirwayEpithelial
A-3057,InflamMac
A-3058,AlveolarFibroblast
A-3059,AirwayEpithelial
A-3060,MyoFB
A-3062,AirwayEpithelial
A-3063,AT2
A-3065,AT1
A-3066,AirwayEpithelial
A-3068,SMC
A-3069,PatrolMac
A-3070,Pericyte
A-3071,Tcell
A-3072,AirwayEpithelial
A-3073,AlveolarMac
A-3074,InflamMac
A-3075,Pericyte
A-3076,AirwayEpithelial
A-3077,InflamMac
A-3078,Artery
A-3079,Pericyte
A-3080,AirwayEpithelial
A-3081,Bcell
A-3082,Capillary
A-3084,AirwayEpithelial
A-3085,Pericyte
A-3086,AT2
A-3087,AirwayEpithelial
A-3088,SMC
A-3089,AirwayEpithelial
A-3090,InterstitialMac
A-3091,InflamMac
A-3092,Capillary
A-3093,SMC
A-3094,Artery
A-3095,InterstitialMac
A-3096,InflamMac
A-3097,SMC
A-3098,InflamMac
A-3099,Capillary
A-3101,MyoFB
A-3103,Tcell
A-3104,SMC
A-3105,AT1
A-3106,PatrolMac
A-3107,InflamMac
A-3109,InflamMac
A-3110,AirwayEpithelial
A-3111,InterstitialMac
A-3112,SMC
A-3113,AirwayEpithelial
A-3114,InflamMac
A-3115,BronchoFibroblast
A-3116,InflamMac
A-3117,Vein
A-3118,Tcell
A-3120,AirwayEpithelial
A-3121,AirwayEpithelial
A-3122,BronchoFibroblast
A-3124,Capillary
A-3125,AirwayEpithelial
A-3126,AT2
A-3127,AlveolarFibroblast
A-3128,AirwayEpithelial
A-3131,Capillary
A-3132,Bcell
A-3133,SMC
A-3134,AlveolarMac
A-3135,AirwayEpithelial
A-3136,Capillary
A-3137,AirwayEpithelial
A-3139,Bcell
A-3140,Pericyte
A-3141,Tcell
A-3142,AlveolarFibroblast
A-3143,AirwayEpithelial
A-3144,BronchoFibroblast
A-3145,AT1
A-3146,AT2
A-3147,Artery
A-3148,SMC
A-3149,SMC
A-3151,Vein
A-3153,Tcell
A-3154,Tcell
A-3155,Artery
A-3156,BronchoFibroblast
A-3157,InflamMac
A-3158,Artery
A-3160,Tcell
A-3161,SMC
A-3162,SMC
A-3163,AirwayEpithelial
A-3164,AlveolarFibroblast
A-3165,InflamMac
A-3167,AT1
A-3168,AT2
A-3169,AlveolarFibroblast
A-3171,Tcell
A-3172,InflamMac
A-3173,InflamMac
A-3174,InflamMac
A-3175,InflamMac
A-3176,AirwayEpithelial
A-3177,Tcell
A-3179,AlveolarFibroblast
A-3180,InflamMac
A-3182,AirwayEpithelial
A-3183,SMC
A-3184,pDC
A-3185,AT1
A-3186,AT1
A-3187,Tcell
A-3190,Tcell
A-3191,InterstitialMac
A-3192,Pericyte
A-3193,AT1
A-3194,Tcell
A-3196,InflamMac
A-3197,Pericyte
A-3199,Capillary
A-3200,Pericyte
A-3201,AT1
A-3202,AT1
A-3203,AirwayEpithelial
A-3204,AirwayEpithelial
A-3205,Bcell
A-3206,SMC
A-3207,InflamMac
A-3208,AirwayEpithelial
A-3209,perivascularDC
A-3210,Artery
A-3211,AT1
A-3212,AirwayEpithelial
A-3215,Capillary
A-3216,SMC
A-3220,AT1
A-3221,InflamMac
A-3222,AirwayEpithelial
A-3223,Tcell
A-3224,Artery
A-3226,AirwayEpithelial
A-3227,Pericyte
A-3228,Pericyte
A-3230,Tcell
A-3231,SMC
A-3232,AirwayEpithelial
A-3233,AlveolarFibroblast
A-3234,AT1
A-3235,MyoFB
A-3236,AT2
A-3237,Artery
A-3240,perivascularDC
A-3241,AT2
A-3242,AirwayEpithelial
A-3244,AlveolarFibroblast
A-3245,Artery
A-3247,Pericyte
A-3248,Artery
A-3249,Capillary
A-3250,Capillary
A-3251,Tcell
A-3254,SMC
A-3255,AirwayEpithelial
A-3256,BronchoFibroblast
A-3257,Artery
A-3259,InterstitialMac
A-3260,Capillary
A-3263,Pericyte
A-3266,SMC
A-3269,AT1
A-3270,AT1
A-3274,AirwayEpithelial
A-3275,PatrolMac
A-3276,MyoFB
A-3278,SMC
A-3279,BronchoFibroblast
A-3280,AirwayEpithelial
A-3281,AlveolarFibroblast
A-3282,Capillary
A-3283,AirwayEpithelial
A-3284,AlveolarFibroblast
A-3285,AirwayEpithelial
A-3288,AirwayEpithelial
A-3289,Capillary
A-3292,InflamMac
A-3293,Capillary
A-3294,Capillary
A-3297,AT2
A-3299,AlveolarFibroblast
A-3300,AirwayEpithelial
A-3302,InflamMac
A-3303,AirwayEpithelial
A-3305,InflamMac
A-3308,AirwayEpithelial
A-3309,MyoFB
A-3310,AirwayEpithelial
A-3312,SMC
A-3313,AT1
A-3315,AirwayEpithelial
A-3316,Artery
A-3317,AirwayEpithelial
A-3318,Capillary
A-3321,MyoFB
A-3323,AirwayEpithelial
A-3324,AirwayEpithelial
A-3325,AirwayEpithelial
A-3326,Pericyte
A-3329,InterstitialMac
A-3331,InflamMac
A-3334,Neutrophil
A-3335,BronchoFibroblast
A-3336,AirwayEpithelial
A-3337,PatrolMac
A-3340,InflamMac
A-3341,AirwayEpithelial
A-3342,InterstitialMac
A-3343,AirwayEpithelial
A-3347,Artery
A-3348,AirwayEpithelial
A-3349,AT2
A-3353,Capillary
A-3354,Bcell
A-3355,Bcell
A-3356,AirwayEpithelial
A-3357,Artery
A-3358,Tcell
A-3360,AT1
A-3362,MyoFB
A-3363,Bcell
A-3364,AT1
A-3365,AT2
A-3366,AirwayEpithelial
A-3367,AirwayEpithelial
A-3368,Tcell
A-3369,AlveolarFibroblast
A-3370,SMC
A-3371,AlveolarFibroblast
A-3373,AT1
A-3374,Bcell
A-3375,AirwayEpithelial
A-3377,PatrolMac
A-3378,Artery
A-3379,Bcell
A-3380,InflamMac
A-3381,Capillary
A-3382,Tcell
A-3383,Capillary
A-3384,AT1
A-3385,Bcell
A-3386,Capillary
A-3387,AirwayEpithelial
A-3388,MyoFB
A-3389,Capillary
A-3390,InflamMac
A-3391,InflamMac
A-3392,Capillary
A-3393,AT1
A-3394,Bcell
A-3395,Capillary
A-3396,InflamMac
A-3397,Pericyte
A-3398,AirwayEpithelial
A-3400,Capillary
A-3402,AirwayEpithelial
A-3403,Capillary
A-3404,AT1
A-3405,Capillary
A-3406,Capillary
A-3408,AT2
A-3410,AirwayEpithelial
A-3411,Tcell
A-3412,InflamMac
A-3414,AlveolarMac
A-3415,Capillary
A-3416,InflamMac
A-3417,Pericyte
A-3418,AirwayEpithelial
A-3419,InterstitialMac
A-3420,Bcell
A-3421,AirwayEpithelial
A-3422,AT2
A-3423,InflamMac
A-3424,Tcell
A-3425,Capillary
A-3427,AirwayEpithelial
A-3428,InflamMac
A-3429,AirwayEpithelial
A-3430,Artery
A-3431,AirwayEpithelial
A-3432,Tcell
A-3433,SMC
A-3435,Capillary
A-3436,AirwayEpithelial
A-3437,BronchoFibroblast
A-3439,AirwayEpithelial
A-3441,InflamMac
A-3442,Tcell
A-3443,BronchoFibroblast
A-3444,Artery
A-3445,AT2
A-3447,InflamMac
A-3448,Pericyte
A-3449,AirwayEpithelial
A-3450,PatrolMac
A-3452,AirwayEpithelial
A-3453,SMC
A-3454,InflamMac
A-3456,Capillary
A-3457,mucosalDC
A-3459,Capillary
A-3460,Capillary
A-3461,AirwayEpithelial
A-3462,InflamMac
A-3463,BronchoFibroblast
A-3464,Vein
A-3465,Capillary
A-3466,Pericyte
A-3467,Tcell
A-3468,Pericyte
A-3470,AlveolarFibroblast
A-3471,PatrolMac
A-3472,AirwayEpithelial
A-3473,Artery
A-3474,SMC
A-3475,AlveolarFibroblast
A-3477,PatrolMac
A-3478,Capillary
A-3479,Capillary
A-3481,SMC
A-3483,PatrolMac
A-3484,Capillary
A-3485,InflamMac
A-3486,Capillary
A-3487,Capillary
A-3488,AirwayEpithelial
A-3489,BronchoFibroblast
A-3490,BronchoFibroblast
A-3491,Vein
A-3492,Pericyte
A-3493,AirwayEpithelial
A-3495,AirwayEpithelial
A-3496,Capillary
A-3497,Tcell
A-3499,AirwayEpithelial
A-3500,InflamMac
A-3501,AlveolarFibroblast
A-3502,AT1
A-3503,AirwayEpithelial
A-3504,Tcell
A-3505,Pericyte
A-3506,Capillary
A-3507,AT1
A-3508,Tcell
A-3509,AlveolarFibroblast
A-3510,Capillary
A-3511,Capillary
A-3512,Tcell
A-3513,AirwayEpithelial
A-3514,AirwayEpithelial
A-3515,Artery
A-3516,InflamMac
A-3517,BronchoFibroblast
A-3518,Tcell
A-3519,BronchoFibroblast
A-3520,AirwayEpithelial
A-3521,InflamMac
A-3525,InterstitialMac
A-3526,AirwayEpithelial
A-3527,PatrolMac
A-3528,MyoFB
A-3529,AirwayEpithelial
A-3530,SMC
A-3531,AlveolarFibroblast
A-3532,InflamMac
A-3533,Bcell
A-3534,AT2
A-3535,AlveolarFibroblast
A-3536,AirwayEpithelial
A-3537,AT2
A-3538,Tcell
A-3539,Capillary
A-3540,SMC
A-3541,InflamMac
A-3542,AT1
A-3543,Tcell
A-3544,InflamMac
A-3545,AirwayEpithelial
A-3546,Capillary
A-3548,InflamMac
A-3549,AT1
A-3550,AT1
A-3552,AirwayEpithelial
A-3553,SMC
A-3554,BronchoFibroblast
A-3557,InterstitialMac
A-3558,AirwayEpithelial
A-3559,Tcell
A-3562,MyoFB
A-3563,AirwayEpithelial
A-3565,BronchoFibroblast
A-3566,Tcell
A-3567,AirwayEpithelial
A-3568,AT1
A-3569,Capillary
A-3570,AlveolarFibroblast
A-3571,Capillary
A-3572,AirwayEpithelial
A-3573,Tcell
A-3575,BronchoFibroblast
A-3576,InflamMac
A-3577,InflamMac
A-3578,SMC
A-3582,BronchoFibroblast
A-3583,Capillary
A-3584,AirwayEpithelial
A-3585,AirwayEpithelial
A-3586,Capillary
A-3587,Capillary
A-3588,AirwayEpithelial
A-3589,Tcell
A-3591,AT2
A-3592,AirwayEpithelial
A-3593,InflamMac
A-3594,AirwayEpithelial
A-3595,AirwayEpithelial
A-3596,AT1
A-3598,Pericyte
A-3599,InflamMac
A-3600,Pericyte
A-3601,Pericyte
A-3603,AirwayEpithelial
A-3604,SMC
A-3605,Tcell
A-3606,AirwayEpithelial
A-3608,Capillary
A-3609,AirwayEpithelial
A-3610,AirwayEpithelial
A-3611,Pericyte
A-3612,AirwayEpithelial
A-3613,SMC
A-3614,Pericyte
A-3615,AirwayEpithelial
A-3616,Tcell
A-3618,Artery
A-3620,Capillary
A-3623,InflamMac
A-3624,Bcell
A-3625,Tcell
A-3627,Tcell
A-3628,SMC
A-3629,SMC
A-3630,InflamMac
A-3631,PatrolMac
A-3632,Artery
A-3633,Capillary
A-3636,Artery
A-3638,InflamMac
A-3639,InflamMac
A-3640,SMC
A-3641,AlveolarFibroblast
A-3642,Bcell
A-3644,SMC
A-3645,Tcell
A-3646,AT1
A-3648,AirwayEpithelial
A-3649,AlveolarFibroblast
A-3651,SMC
A-3652,AirwayEpithelial
A-3653,InterstitialMac
A-3654,Artery
A-3655,InflamMac
A-3656,Capillary
A-3657,Capillary
A-3658,AirwayEpithelial
A-3659,AlveolarMac
A-3660,Capillary
A-3662,AirwayEpithelial
A-3664,MyoFB
A-3665,AT1
A-3668,Capillary
A-3669,Capillary
A-3670,Tcell
A-3673,AirwayEpithelial
A-3675,SMC
A-3676,AirwayEpithelial
A-3677,AirwayEpithelial
A-3678,AlveolarFibroblast
A-3681,AirwayEpithelial
A-3682,Tcell
A-3685,Pericyte
A-3686,SMC
A-3687,Capillary
A-3691,AirwayEpithelial
A-3692,AirwayEpithelial
A-3693,AlveolarFibroblast
A-3695,Pericyte
A-3696,Capillary
A-3697,AirwayEpithelial
A-3699,Tcell
A-3703,AirwayEpithelial
A-3704,Capillary
A-3705,Pericyte
A-3706,Tcell
A-3708,Capillary
A-3709,Tcell
A-3711,AirwayEpithelial
A-3712,AT2
A-3713,Capillary
A-3714,Capillary
A-3716,AirwayEpithelial
A-3717,InflamMac
A-3718,Tcell
A-3719,SMC
A-3720,Pericyte
A-3721,Bcell
A-3723,Artery
A-3726,AirwayEpithelial
A-3727,AlveolarFibroblast
A-3728,AirwayEpithelial
A-3729,Tcell
A-3730,Tcell
A-3731,Capillary
A-3733,AT1
A-3734,Capillary
A-3735,Pericyte
A-3736,InflamMac
A-3737,Capillary
A-3738,Capillary
A-3739,SMC
A-3740,Capillary
A-3741,AirwayEpithelial
A-3743,InflamMac
A-3744,Artery
A-3745,Tcell
A-3747,AirwayEpithelial
A-3749,Capillary
A-3751,AirwayEpithelial
A-3755,BronchoFibroblast
A-3757,AirwayEpithelial
A-3759,AirwayEpithelial
A-3761,Capillary
A-3762,Tcell
A-3763,Tcell
A-3766,AT2
A-3767,AirwayEpithelial
A-3768,Pericyte
A-3769,AirwayEpithelial
A-3775,Capillary
A-3777,Tcell
A-3781,Artery
A-3782,InflamMac
A-3783,BronchoFibroblast
A-3786,SMC
A-3789,MyoFB
A-3790,MyoFB
A-3791,Capillary
A-3792,pDC
A-3793,AlveolarFibroblast
A-3794,Tcell
A-3795,AirwayEpithelial
A-3796,AlveolarFibroblast
A-3797,Artery
A-3798,Tcell
A-3799,PatrolMac
A-3801,Bcell
A-3802,PatrolMac
A-3803,AirwayEpithelial
A-3804,AT2
A-3806,Pericyte
A-3807,InflamMac
A-3808,MyoFB
A-3809,Capillary
A-3810,InflamMac
A-3811,AirwayEpithelial
A-3812,AT1
A-3814,AirwayEpithelial
A-3815,Tcell
A-3816,AT2
A-3817,Artery
A-3818,Pericyte
A-3819,Capillary
A-3820,InflamMac
A-3821,BronchoFibroblast
A-3823,AT2
A-3824,InflamMac
A-3826,Vein
A-3827,Bcell
A-3828,Capillary
A-3829,InflamMac
A-3830,BronchoFibroblast
A-3831,PatrolMac
A-3833,AirwayEpithelial
A-3834,Capillary
A-3835,Artery
A-3836,InflamMac
A-3838,AlveolarFibroblast
A-3839,Pericyte
A-3840,Vein
A-3842,Pericyte
A-3843,Pericyte
A-3844,Capillary
A-3845,MyoFB
A-3846,AT2
A-3848,Vein
A-3849,AlveolarFibroblast
A-3850,perivascularDC
A-3851,Pericyte
A-3854,Neutrophil
A-3855,Artery
A-3857,AirwayEpithelial
A-3858,AT1
A-3860,PatrolMac
A-3863,AT1
A-3864,Artery
A-3866,InflamMac
A-3867,Capillary
A-3869,Tcell
A-3870,AirwayEpithelial
A-3871,AirwayEpithelial
A-3872,PatrolMac
A-3874,pDC
A-3875,AirwayEpithelial
A-3876,Artery
A-3877,InflamMac
A-3878,BronchoFibroblast
A-3879,Artery
A-3880,AT2
A-3881,PatrolMac
A-3882,Artery
A-3885,BronchoFibroblast
A-3886,Pericyte
A-3887,BronchoFibroblast
A-3888,BronchoFibroblast
A-3890,Bcell
A-3891,Pericyte
A-3893,BronchoFibroblast
A-3894,InflamMac
A-3895,Vein
A-3896,AT1
A-3897,InterstitialMac
A-3899,Capillary
A-3900,Capillary
A-3901,AirwayEpithelial
A-3902,Artery
A-3903,InflamMac
A-3904,AT2
A-3905,Tcell
A-3906,AirwayEpithelial
A-3907,Capillary
A-3908,AT1
A-3911,Artery
A-3912,Tcell
A-3915,AlveolarFibroblast
A-3917,SMC
A-3918,Pericyte
A-3919,Bcell
A-3920,AirwayEpithelial
A-3921,AT1
A-3922,pDC
A-3923,AirwayEpithelial
A-3924,InflamMac
A-3925,AlveolarFibroblast
A-3927,AT2
A-3930,InflamMac
A-3931,Pericyte
A-3932,InflamMac
A-3933,Capillary
A-3934,Pericyte
A-3935,AirwayEpithelial
A-3936,InflamMac
A-3937,Capillary
A-3940,AirwayEpithelial
A-3941,InflamMac
A-3942,AirwayEpithelial
A-3944,PatrolMac
A-3946,Neutrophil
A-3947,AT1
A-3948,SMC
A-3949,PatrolMac
A-3950,Tcell
A-3953,Tcell
A-3954,Artery
A-3955,BronchoFibroblast
A-3956,AirwayEpithelial
A-3962,InflamMac
A-3964,AirwayEpithelial
A-3966,MyoFB
A-3967,Artery
A-3968,InflamMac
A-3973,MyoFB
A-3974,AirwayEpithelial
A-3975,Artery
A-3976,Pericyte
A-3979,BronchoFibroblast
A-3980,Pericyte
A-3981,Tcell
A-3983,AlveolarFibroblast
A-3984,AirwayEpithelial
A-3986,Capillary
A-3987,AirwayEpithelial
A-3988,PatrolMac
A-3989,Artery
A-3991,perivascularDC
A-3992,AlveolarFibroblast
A-3994,Tcell
A-3995,AirwayEpithelial
A-3996,AirwayEpithelial
A-4000,Tcell
A-4002,Capillary
A-4003,InflamMac
A-4004,InflamMac
A-4005,AlveolarFibroblast
A-4006,AirwayEpithelial
A-4007,AirwayEpithelial
A-4008,Artery
A-4009,Artery
A-4010,AlveolarFibroblast
A-4012,BronchoFibroblast
A-4014,BronchoFibroblast
A-4015,InflamMac
A-4016,Artery
A-4017,AT1
A-4018,AlveolarFibroblast
A-4019,Tcell
A-4020,Tcell
A-4021,Tcell
A-4023,AirwayEpithelial
A-4024,Pericyte
A-4026,AirwayEpithelial
A-4027,AlveolarMac
A-4028,AT1
A-4030,Pericyte
A-4031,Tcell
A-4032,BronchoFibroblast
A-4036,Capillary
A-4037,AirwayEpithelial
A-4038,SMC
A-4039,MyoFB
A-4040,BronchoFibroblast
A-4042,InterstitialMac
A-4044,AirwayEpithelial
A-4045,AirwayEpithelial
A-4046,AirwayEpithelial
A-4048,AT2
A-4050,AirwayEpithelial
A-4051,AirwayEpithelial
A-4052,BronchoFibroblast
A-4053,MyoFB
A-4054,AirwayEpithelial
A-4056,AirwayEpithelial
A-4057,AT2
A-4058,AT2
A-4060,InflamMac
A-4061,Neutrophil
A-4062,AirwayEpithelial
A-4063,Tcell
A-4067,BronchoFibroblast
A-4068,InflamMac
A-4070,AT2
A-4072,Tcell
A-4073,AirwayEpithelial
A-4075,BronchoFibroblast
A-4076,AT1
A-4077,AirwayEpithelial
A-4078,AirwayEpithelial
A-4081,AlveolarFibroblast
A-4083,AirwayEpithelial
A-4087,PatrolMac
A-4088,Capillary
A-4090,Pericyte
A-4091,Pericyte
A-4092,PatrolMac
A-4094,AlveolarFibroblast
A-4097,Neutrophil
A-4099,Bcell
A-4100,Capillary
A-4102,Pericyte
A-4103,Capillary
A-4106,AirwayEpithelial
A-4107,AirwayEpithelial
A-4108,InflamMac
A-4110,Artery
A-4111,Pericyte
A-4112,BronchoFibroblast
A-4113,Artery
A-4114,Pericyte
A-4115,InflamMac
A-4116,InflamMac
A-4117,Bcell
A-4120,AirwayEpithelial
A-4123,Capillary
A-4124,MyoFB
A-4126,Capillary
A-4127,AirwayEpithelial
A-4128,AirwayEpithelial
A-4131,Tcell
A-4132,Pericyte
A-4134,BronchoFibroblast
A-4136,InterstitialMac
A-4138,AT1
A-4139,AirwayEpithelial
A-4140,MyoFB
A-4142,Capillary
A-4143,SMC
A-4144,AlveolarMac
A-4147,AT2
A-4150,AirwayEpithelial
A-4154,Vein
A-4157,AirwayEpithelial
A-4160,AlveolarFibroblast
A-4162,AirwayEpithelial
A-4163,AirwayEpithelial
A-4165,AT2
A-4166,Artery
A-4167,AlveolarFibroblast
A-4169,AT1
A-4171,AirwayEpithelial
A-4172,Pericyte
A-4173,AirwayEpithelial
A-4176,BronchoFibroblast
A-4177,AirwayEpithelial
A-4178,Pericyte
A-4180,Capillary
A-4185,Artery
A-4187,Pericyte
A-4189,PatrolMac
A-4193,AirwayEpithelial
A-4196,AlveolarFibroblast
A-4200,Bcell
A-4201,AlveolarFibroblast
A-4202,Bcell
A-4204,AirwayEpithelial
A-4206,AlveolarFibroblast
A-4207,AirwayEpithelial
A-4210,Vein
A-4211,AirwayEpithelial
A-4214,Tcell
A-4215,Capillary
A-4217,AlveolarFibroblast
A-4218,AlveolarFibroblast
A-4219,AirwayEpithelial
A-4223,Capillary
A-4224,AirwayEpithelial
A-4225,AT2
A-4226,AlveolarFibroblast
A-4230,AirwayEpithelial
A-4231,AlveolarFibroblast
A-4232,AlveolarFibroblast
A-4237,Tcell
A-4239,AlveolarFibroblast
A-4241,AirwayEpithelial
A-4243,AlveolarFibroblast
A-4246,Pericyte
A-4247,AirwayEpithelial
A-4249,AT2
A-4250,Tcell
A-4251,AirwayEpithelial
A-4253,AirwayEpithelial
A-4254,SMC
A-4262,BronchoFibroblast
A-4263,Tcell
A-4266,BronchoFibroblast
A-4268,Bcell
A-4269,AirwayEpithelial
A-4270,BronchoFibroblast
A-4272,AirwayEpithelial
A-4273,PatrolMac
A-4274,AT2
A-4276,InterstitialMac
A-4277,Bcell
A-4278,Pericyte
A-4279,InflamMac
A-4283,Bcell
A-4284,SMC
A-4285,Tcell
A-4286,AlveolarFibroblast
A-4287,PatrolMac
A-4290,Bcell
A-4291,Artery
A-4292,AT2
A-4293,AirwayEpithelial
A-4294,AirwayEpithelial
A-4295,AlveolarFibroblast
A-4297,AirwayEpithelial
A-4299,AlveolarFibroblast
A-4300,Tcell
A-4301,SMC
A-4303,BronchoFibroblast
A-4304,Artery
A-4305,Capillary
A-4306,MyoFB
A-4307,Pericyte
A-4308,PatrolMac
A-4309,Bcell
A-4310,AT2
A-4312,Bcell
A-4313,Artery
A-4314,BronchoFibroblast
A-4315,Capillary
A-4316,Artery
A-4317,AirwayEpithelial
A-4318,AirwayEpithelial
A-4319,AirwayEpithelial
A-4322,InterstitialMac
A-4323,AlveolarFibroblast
A-4324,AlveolarFibroblast
A-4327,Tcell
A-4328,MyoFB
A-4329,AirwayEpithelial
A-4330,Bcell
A-4331,AirwayEpithelial
A-4332,AirwayEpithelial
A-4333,InflamMac
A-4334,AirwayEpithelial
A-4335,AirwayEpithelial
A-4336,AirwayEpithelial
A-4337,Pericyte
A-4338,Vein
A-4340,BronchoFibroblast
A-4341,AirwayEpithelial
A-4342,AlveolarFibroblast
A-4345,InflamMac
A-4346,InterstitialMac
A-4347,MyoFB
A-4350,AirwayEpithelial
A-4351,AirwayEpithelial
A-4352,InterstitialMac
A-4353,AT2
A-4355,AlveolarFibroblast
A-4356,AirwayEpithelial
A-4357,InflamMac
A-4358,Bcell
A-4359,AT1
A-4361,Bcell
A-4362,MyoFB
A-4363,PatrolMac
A-4364,MyoFB
A-4365,InflamMac
A-4366,InflamMac
A-4369,Artery
A-4370,AirwayEpithelial
A-4372,AirwayEpithelial
A-4373,SMC
A-4374,Tcell
A-4375,BronchoFibroblast
A-4376,BronchoFibroblast
A-4378,Tcell
A-4379,SMC
A-4381,InflamMac
A-4382,InflamMac
A-4383,BronchoFibroblast
A-4384,AlveolarFibroblast
A-4385,InflamMac
A-4387,AT1
A-4388,AirwayEpithelial
A-4389,Tcell
A-4390,InflamMac
A-4391,AirwayEpithelial
A-4393,PatrolMac
A-4394,AT1
A-4395,MyoFB
A-4396,PatrolMac
A-4397,Tcell
A-4398,SMC
A-4400,Capillary
A-4401,Tcell
A-4402,Pericyte
A-4403,Bcell
A-4405,PatrolMac
A-4407,AT1
A-4408,Capillary
A-4409,Tcell
A-4410,Capillary
A-4412,InterstitialMac
A-4413,AirwayEpithelial
A-4414,Pericyte
A-4415,AT2
A-4416,PatrolMac
A-4417,AirwayEpithelial
A-4420,Pericyte
A-4421,InflamMac
A-4422,MyoFB
A-4423,SMC
A-4424,Bcell
A-4425,InflamMac
A-4426,Capillary
A-4427,AirwayEpithelial
A-4428,Capillary
A-4429,Pericyte
A-4431,AlveolarMac
A-4432,Bcell
A-4433,InflamMac
A-4434,BronchoFibroblast
A-4435,AirwayEpithelial
A-4437,AirwayEpithelial
A-4438,BronchoFibroblast
A-4439,AT2
A-4441,Tcell
A-4442,AirwayEpithelial
A-4443,AirwayEpithelial
A-4444,AT2
A-4445,Artery
A-4446,AirwayEpithelial
A-4447,SMC
A-4448,InterstitialMac
A-4449,InflamMac
A-4451,MyoFB
A-4453,BronchoFibroblast
A-4454,AlveolarMac
A-4455,AirwayEpithelial
A-4459,SMC
A-4460,BronchoFibroblast
A-4463,Tcell
A-4464,Tcell
A-4465,AT1
A-4469,MyoFB
A-4472,Tcell
A-4473,InterstitialMac
A-4474,InflamMac
A-4475,AlveolarFibroblast
A-4476,InflamMac
A-4477,AT1
A-4478,AirwayEpithelial
A-4480,SMC
A-4482,InterstitialMac
A-4483,AirwayEpithelial
A-4484,AirwayEpithelial
A-4485,AirwayEpithelial
A-4486,Capillary
A-4487,SMC
A-4489,Artery
A-4490,Tcell
A-4491,SMC
A-4492,InflamMac
A-4494,Pericyte
A-4495,SMC
A-4496,AirwayEpithelial
A-4497,AT2
A-4499,Neutrophil
A-4501,Pericyte
A-4502,BronchoFibroblast
A-4504,AirwayEpithelial
A-4505,Pericyte
A-4506,Tcell
A-4508,Pericyte
A-4510,SMC
A-4511,Tcell
A-4512,Capillary
A-4513,AirwayEpithelial
A-4514,AirwayEpithelial
A-4515,InterstitialMac
A-4516,AirwayEpithelial
A-4518,pDC
A-4520,Capillary
A-4521,AlveolarFibroblast
A-4522,PatrolMac
A-4523,MyoFB
A-4524,AirwayEpithelial
A-4526,Pericyte
A-4529,Capillary
A-4530,BronchoFibroblast
A-4531,Pericyte
A-4532,SMC
A-4533,AirwayEpithelial
A-4534,PatrolMac
A-4535,MyoFB
A-4536,AirwayEpithelial
A-4537,Capillary
A-4538,InflamMac
A-4539,InflamMac
A-4540,MyoFB
A-4541,Capillary
A-4543,SMC
A-4546,InflamMac
A-4547,AirwayEpithelial
A-4548,Vein
A-4549,AT1
A-4550,Pericyte
A-4552,InflamMac
A-4553,AirwayEpithelial
A-4554,Bcell
A-4556,InflamMac
A-4558,InflamMac
A-4559,AlveolarFibroblast
A-4560,Tcell
A-4561,Tcell
A-4562,Vein
A-4564,PatrolMac
A-4565,AirwayEpithelial
A-4567,MyoFB
A-4568,MyoFB
A-4569,Capillary
A-4571,AirwayEpithelial
A-4574,AirwayEpithelial
A-4575,AirwayEpithelial
A-4577,Tcell
A-4578,AT1
A-4579,Bcell
A-4580,InflamMac
A-4581,perivascularDC
A-4582,AlveolarMac
A-4583,AirwayEpithelial
A-4584,InterstitialMac
A-4585,AirwayEpithelial
A-4586,Tcell
A-4587,Tcell
A-4588,Neutrophil
A-4590,AirwayEpithelial
A-4591,Tcell
A-4593,AirwayEpithelial
A-4594,AirwayEpithelial
A-4597,AirwayEpithelial
A-4599,InflamMac
A-4600,AirwayEpithelial
A-4601,InflamMac
A-4603,AirwayEpithelial
A-4604,AirwayEpithelial
A-4606,AirwayEpithelial
A-4607,Tcell
A-4609,AirwayEpithelial
A-4610,BronchoFibroblast
A-4612,PatrolMac
A-4615,AlveolarFibroblast
A-4616,Artery
A-4617,Pericyte
A-4618,InflamMac
A-4619,Pericyte
A-4620,AirwayEpithelial
A-4621,InflamMac
A-4622,AirwayEpithelial
A-4623,InflamMac
A-4624,Pericyte
A-4625,SMC
A-4627,Tcell
A-4628,AirwayEpithelial
A-4629,AirwayEpithelial
A-4631,Tcell
A-4632,AirwayEpithelial
A-4634,InterstitialMac
A-4636,Tcell
A-4637,Capillary
A-4638,Tcell
A-4640,AT1
A-4641,AirwayEpithelial
A-4642,InflamMac
A-4644,Bcell
A-4648,Capillary
A-4649,AlveolarMac
A-4651,AirwayEpithelial
A-4652,AirwayEpithelial
A-4653,BronchoFibroblast
A-4655,InflamMac
A-4658,Pericyte
A-4659,BronchoFibroblast
A-4660,AirwayEpithelial
A-4661,AT1
A-4663,AirwayEpithelial
A-4665,Artery
A-4666,InflamMac
A-4667,BronchoFibroblast
A-4668,AT1
A-4669,BronchoFibroblast
A-4670,Capillary
A-4671,AlveolarFibroblast
A-4672,AirwayEpithelial
A-4673,AirwayEpithelial
A-4674,SMC
A-4677,AirwayEpithelial
A-4678,Capillary
A-4679,AirwayEpithelial
A-4680,AirwayEpithelial
A-4681,Tcell
A-4682,Capillary
A-4686,Capillary
A-4689,PatrolMac
A-4692,InflamMac
A-4693,SMC
A-4694,Capillary
A-4698,AirwayEpithelial
A-4699,AirwayEpithelial
A-4701,Tcell
A-4702,AirwayEpithelial
A-4703,AirwayEpithelial
A-4705,AirwayEpithelial
A-4706,AirwayEpithelial
A-4707,AirwayEpithelial
A-4708,AT2
A-4709,AirwayEpithelial
A-4711,Pericyte
A-4713,Bcell
A-4717,Tcell
A-4718,Tcell
A-4719,AirwayEpithelial
A-4721,Tcell
A-4722,Tcell
A-4723,AirwayEpithelial
A-4725,InterstitialMac
A-4726,AT2
A-4727,AirwayEpithelial
A-4730,AirwayEpithelial
A-4731,Tcell
A-4734,AirwayEpithelial
A-4735,AirwayEpithelial
A-4737,InterstitialMac
A-4739,AirwayEpithelial
A-4741,Capillary
A-4744,BronchoFibroblast
A-4746,AirwayEpithelial
A-4747,AT2
A-4748,perivascularDC
A-4749,AlveolarFibroblast
A-4750,SMC
A-4752,AirwayEpithelial
A-4756,AirwayEpithelial
A-4757,Tcell
A-4758,PatrolMac
A-4762,AirwayEpithelial
A-4763,AirwayEpithelial
A-4766,InflamMac
A-4767,Capillary
A-4770,AirwayEpithelial
A-4771,AirwayEpithelial
A-4773,AirwayEpithelial
A-4774,AirwayEpithelial
A-4775,Tcell
A-4777,AirwayEpithelial
A-4778,Tcell
A-4780,Tcell
A-4783,AirwayEpithelial
A-4786,Tcell
A-4787,Capillary
A-4788,Bcell
A-4792,Capillary
A-4793,Vein
A-4794,Bcell
A-4795,AT2
A-4796,AT1
A-4797,InflamMac
A-4799,AT2
A-4800,Pericyte
A-4801,AT2
A-4802,Capillary
A-4803,PatrolMac
A-4804,BronchoFibroblast
A-4806,AirwayEpithelial
A-4807,SMC
A-4808,AT2
A-4809,AT1
A-4810,AlveolarMac
A-4812,MyoFB
A-4813,AirwayEpithelial
A-4814,Tcell
A-4815,MyoFB
A-4816,AT2
A-4817,Pericyte
A-4818,BronchoFibroblast
A-4819,AlveolarFibroblast
A-4820,Pericyte
A-4822,Pericyte
A-4823,AirwayEpithelial
A-4824,AirwayEpithelial
A-4825,Pericyte
A-4826,Tcell
A-4827,AT1
A-4828,AT2
A-4829,Pericyte
A-4830,Neutrophil
A-4831,Capillary
A-4832,SMC
A-4833,AirwayEpithelial
A-4836,AlveolarFibroblast
A-4837,Pericyte
A-4838,Tcell
A-4839,PatrolMac
A-4840,Pericyte
A-4841,Pericyte
A-4842,Bcell
A-4843,MyoFB
A-4845,AlveolarFibroblast
A-4847,Pericyte
A-4849,Capillary
A-4850,Neutrophil
A-4851,AirwayEpithelial
A-4852,AirwayEpithelial
A-4854,BronchoFibroblast
A-4855,AT2
A-4857,BronchoFibroblast
A-4859,PatrolMac
A-4860,Capillary
A-4862,perivascularDC
A-4863,AirwayEpithelial
A-4864,BronchoFibroblast
A-4865,AT1
A-4866,SMC
A-4867,AlveolarMac
A-4869,AlveolarFibroblast
A-4871,AlveolarFibroblast
A-4872,AirwayEpithelial
A-4874,AT1
A-4875,AT2
A-4876,BronchoFibroblast
A-4877,Tcell
A-4878,AirwayEpithelial
A-4879,AirwayEpithelial
A-4880,SMC
A-4881,Capillary
A-4882,InflamMac
A-4884,MyoFB
A-4885,Capillary
A-4886,InflamMac
A-4887,AirwayEpithelial
A-4888,AlveolarMac
A-4889,AirwayEpithelial
A-4890,AirwayEpithelial
A-4891,Capillary
A-4892,Pericyte
A-4893,Pericyte
A-4895,Pericyte
A-4896,AT1
A-4897,SMC
A-4898,Capillary
A-4899,AirwayEpithelial
A-4900,Capillary
A-4901,InterstitialMac
A-4902,AirwayEpithelial
A-4903,SMC
A-4904,Pericyte
A-4905,Bcell
A-4906,AlveolarFibroblast
A-4907,Tcell
A-4909,Capillary
A-4910,AlveolarMac
A-4911,AirwayEpithelial
A-4912,AlveolarFibroblast
A-4913,mucosalDC
A-4914,Pericyte
A-4915,Pericyte
A-4916,SMC
A-4917,MyoFB
A-4918,AlveolarFibroblast
A-4919,AirwayEpithelial
A-4920,Pericyte
A-4921,InflamMac
A-4922,AirwayEpithelial
A-4923,Capillary
A-4924,AT1
A-4925,AirwayEpithelial
A-4926,Pericyte
A-4927,InterstitialMac
A-4928,Pericyte
A-4929,InflamMac
A-4930,Pericyte
A-4931,SMC
A-4932,BronchoFibroblast
A-4933,AT2
A-4934,AirwayEpithelial
A-4935,InflamMac
A-4936,MyoFB
A-4937,AT2
A-4938,Artery
A-4939,InflamMac
A-4940,AirwayEpithelial
A-4941,BronchoFibroblast
A-4942,AirwayEpithelial
A-4943,SMC
A-4945,InflamMac
A-4948,InflamMac
A-4949,Tcell
A-4950,Artery
A-4951,AirwayEpithelial
A-4952,AirwayEpithelial
A-4953,InflamMac
A-4954,MyoFB
A-4955,Artery
A-4956,AirwayEpithelial
A-4957,Artery
A-4958,MyoFB
A-4959,SMC
A-4960,BronchoFibroblast
A-4961,AlveolarFibroblast
A-4963,AirwayEpithelial
A-4966,AlveolarMac
A-4967,Artery
A-4968,Pericyte
A-4969,Artery
A-4970,Pericyte
A-4971,AT1
A-4972,Capillary
A-4973,Pericyte
A-4974,AirwayEpithelial
A-4975,AirwayEpithelial
A-4976,InflamMac
A-4977,Tcell
A-4978,SMC
A-4979,mucosalDC
A-4980,AlveolarFibroblast
A-4983,Pericyte
A-4984,Neutrophil
A-4985,Bcell
A-4986,AirwayEpithelial
A-4987,Artery
A-4988,Pericyte
A-4989,Capillary
A-4990,AlveolarFibroblast
A-4991,InterstitialMac
A-4992,InflamMac
A-4995,AirwayEpithelial
A-4999,AlveolarMac
A-5000,Artery
A-5001,Artery
A-5002,InterstitialMac
A-5003,AirwayEpithelial
A-5004,Neutrophil
A-5005,Tcell
A-5006,AirwayEpithelial
A-5007,Pericyte
A-5008,AlveolarMac
A-5010,Capillary
A-5011,AirwayEpithelial
A-5013,MyoFB
A-5014,BronchoFibroblast
A-5015,AirwayEpithelial
A-5017,AirwayEpithelial
A-5018,AirwayEpithelial
A-5019,AirwayEpithelial
A-5020,AirwayEpithelial
A-5022,MyoFB
A-5023,Capillary
A-5024,Tcell
A-5025,BronchoFibroblast
A-5026,Pericyte
A-5027,Artery
A-5028,InterstitialMac
A-5029,SMC
A-5030,Tcell
A-5031,AT2
A-5032,AlveolarMac
A-5033,BronchoFibroblast
A-5034,AT1
A-5035,AlveolarFibroblast
A-5038,SMC
A-5039,Vein
A-5040,AirwayEpithelial
A-5042,AT1
A-5045,perivascularDC
A-5046,Pericyte
A-5047,Pericyte
A-5048,PatrolMac
A-5051,Bcell
A-5054,SMC
A-5055,AlveolarMac
A-5056,InflamMac
A-5059,InflamMac
A-5060,AirwayEpithelial
A-5062,Capillary
A-5064,Bcell
A-5065,SMC
A-5066,AT1
A-5067,Pericyte
A-5068,InterstitialMac
A-5070,AirwayEpithelial
A-5072,BronchoFibroblast
A-5073,Artery
A-5074,perivascularDC
A-5075,AirwayEpithelial
A-5078,AirwayEpithelial
A-5080,AlveolarFibroblast
A-5081,AirwayEpithelial
A-5083,AirwayEpithelial
A-5084,Artery
A-5085,AirwayEpithelial
A-5086,AT1
A-5087,Capillary
A-5088,Pericyte
A-5089,Pericyte
A-5090,Pericyte
A-5093,AlveolarMac
A-5094,InterstitialMac
A-5095,AT1
A-5097,Capillary
A-5098,AirwayEpithelial
A-5099,AirwayEpithelial
A-5100,AirwayEpithelial
A-5101,AirwayEpithelial
A-5102,AlveolarFibroblast
A-5104,AT1
A-5106,SMC
A-5107,MyoFB
A-5108,AirwayEpithelial
A-5109,Artery
A-5110,BronchoFibroblast
A-5111,Artery
A-5112,Capillary
A-5114,AirwayEpithelial
A-5115,Capillary
A-5116,BronchoFibroblast
A-5117,InflamMac
A-5119,BronchoFibroblast
A-5120,AT1
A-5121,AT2
A-5122,AirwayEpithelial
A-5123,SMC
A-5124,AlveolarFibroblast
A-5125,AirwayEpithelial
A-5126,AirwayEpithelial
A-5128,AT2
A-5131,AT2
A-5134,Artery
A-5135,AT1
A-5136,BronchoFibroblast
A-5138,PatrolMac
A-5139,InflamMac
A-5141,AirwayEpithelial
A-5142,AT2
A-5143,InterstitialMac
A-5144,AirwayEpithelial
A-5146,InflamMac
A-5147,AT2
A-5148,Capillary
A-5149,AirwayEpithelial
A-5151,Artery
A-5152,AirwayEpithelial
A-5153,Pericyte
A-5158,AT1
A-5160,AirwayEpithelial
A-5164,Capillary
A-5165,AT1
A-5166,AT1
A-5167,Artery
A-5168,AirwayEpithelial
A-5169,Capillary
A-5170,AirwayEpithelial
A-5171,Capillary
A-5172,BronchoFibroblast
A-5173,AT1
A-5177,Bcell
A-5179,AirwayEpithelial
A-5180,AirwayEpithelial
A-5184,InflamMac
A-5185,Artery
A-5187,AirwayEpithelial
A-5188,Tcell
A-5190,Tcell
A-5191,AirwayEpithelial
A-5192,Bcell
A-5193,InflamMac
A-5195,Capillary
A-5196,AirwayEpithelial
A-5197,AirwayEpithelial
A-5199,AT1
A-5200,SMC
A-5201,AirwayEpithelial
A-5203,AirwayEpithelial
A-5206,AT2
A-5210,AirwayEpithelial
A-5211,AirwayEpithelial
A-5212,AlveolarMac
A-5215,AirwayEpithelial
A-5216,Bcell
A-5217,Tcell
A-5218,Capillary
A-5219,AlveolarMac
A-5220,AlveolarFibroblast
A-5221,AT1
A-5222,PatrolMac
A-5223,Pericyte
A-5224,Pericyte
A-5225,MyoFB
A-5226,AirwayEpithelial
A-5227,AirwayEpithelial
A-5228,Pericyte
A-5230,InflamMac
A-5231,Artery
A-5232,Tcell
A-5233,AlveolarFibroblast
A-5234,Pericyte
A-5235,AT1
A-5236,InflamMac
A-5237,PatrolMac
A-5239,PatrolMac
A-5240,Capillary
A-5242,AirwayEpithelial
A-5243,Capillary
A-5244,AirwayEpithelial
A-5245,Artery
A-5246,perivascularDC
A-5247,BronchoFibroblast
A-5248,AlveolarFibroblast
A-5249,AT1
A-5250,AirwayEpithelial
A-5251,AlveolarMac
A-5253,SMC
A-5254,AlveolarFibroblast
A-5255,AirwayEpithelial
A-5257,AT2
A-5258,AT1
A-5259,AT1
A-5260,AlveolarFibroblast
A-5261,SMC
A-5262,SMC
A-5263,Tcell
A-5264,AirwayEpithelial
A-5265,MyoFB
A-5266,AT1
A-5268,InflamMac
A-5269,AirwayEpithelial
A-5270,AirwayEpithelial
A-5271,Capillary
A-5272,Bcell
A-5273,Capillary
A-5274,PatrolMac
A-5277,SMC
A-5278,MyoFB
A-5280,SMC
A-5281,Artery
A-5282,Capillary
A-5283,AirwayEpithelial
A-5284,Pericyte
A-5285,Pericyte
A-5286,Pericyte
A-5287,Pericyte
A-5288,AirwayEpithelial
A-5289,InflamMac
A-5290,SMC
A-5292,AlveolarMac
A-5293,AT1
A-5294,AirwayEpithelial
A-5295,Pericyte
A-5296,Pericyte
A-5297,AirwayEpithelial
A-5298,Capillary
A-5299,AirwayEpithelial
A-5300,SMC
A-5301,Pericyte
A-5302,MyoFB
A-5304,PatrolMac
A-5307,Artery
A-5308,Bcell
A-5309,AirwayEpithelial
A-5313,Tcell
A-5314,BronchoFibroblast
A-5317,AT1
A-5318,AirwayEpithelial
A-5319,AirwayEpithelial
A-5321,Artery
A-5323,AlveolarMac
A-5325,InflamMac
A-5326,Pericyte
A-5327,Tcell
A-5329,Pericyte
A-5330,Pericyte
A-5332,AlveolarFibroblast
A-5333,SMC
A-5334,InflamMac
A-5337,AirwayEpithelial
A-5338,SMC
A-5339,SMC
A-5340,InflamMac
A-5341,Tcell
A-5342,Pericyte
A-5343,Vein
A-5344,Capillary
A-5346,AirwayEpithelial
A-5347,Bcell
A-5348,InflamMac
A-5350,Tcell
A-5351,AirwayEpithelial
A-5352,SMC
A-5353,SMC
A-5355,BronchoFibroblast
A-5356,MyoFB
A-5357,Artery
A-5358,Bcell
A-5361,AirwayEpithelial
A-5363,AlveolarMac
A-5365,Artery
A-5366,InflamMac
A-5367,Artery
A-5368,SMC
A-5369,InflamMac
A-5370,Capillary
A-5371,AlveolarFibroblast
A-5376,Tcell
A-5378,AlveolarFibroblast
A-5379,MyoFB
A-5380,AirwayEpithelial
A-5382,AirwayEpithelial
A-5383,PatrolMac
A-5384,MyoFB
A-5385,AT2
A-5386,Pericyte
A-5388,AlveolarFibroblast
A-5389,Artery
A-5391,AirwayEpithelial
A-5392,AirwayEpithelial
A-5393,SMC
A-5394,SMC
A-5395,Capillary
A-5396,InflamMac
A-5397,Pericyte
A-5399,Tcell
A-5400,AT2
A-5401,MyoFB
A-5402,SMC
A-5403,AT1
A-5404,AlveolarMac
A-5405,Bcell
A-5406,MyoFB
A-5407,Pericyte
A-5409,Bcell
A-5410,AlveolarMac
A-5411,Pericyte
A-5413,AirwayEpithelial
A-5414,AirwayEpithelial
A-5415,Vein
A-5417,AT1
A-5418,AlveolarFibroblast
A-5419,InflamMac
A-5420,AT1
A-5422,Pericyte
A-5424,Capillary
A-5425,AT1
A-5426,AlveolarMac
A-5431,Capillary
A-5433,Tcell
A-5434,SMC
A-5435,Bcell
A-5437,InflamMac
A-5438,InflamMac
A-5439,Capillary
A-5440,Bcell
A-5441,AirwayEpithelial
A-5442,AirwayEpithelial
A-5443,AT2
A-5445,AirwayEpithelial
A-5446,SMC
A-5447,Capillary
A-5448,AT1
A-5449,InflamMac
A-5452,InflamMac
A-5453,MyoFB
A-5455,InterstitialMac
A-5459,InflamMac
A-5461,AirwayEpithelial
A-5462,Pericyte
A-5463,Tcell
A-5464,Pericyte
A-5467,Capillary
A-5468,AT1
A-5469,AT1
A-5470,Capillary
A-5471,AirwayEpithelial
A-5474,MyoFB
A-5476,AT1
A-5477,pDC
A-5479,Tcell
A-5480,PatrolMac
A-5483,InflamMac
A-5485,AirwayEpithelial
A-5486,AT1
A-5487,Tcell
A-5488,PatrolMac
A-5489,InterstitialMac
A-5493,Capillary
A-5495,BronchoFibroblast
A-5498,AirwayEpithelial
A-5499,AT1
A-5500,AT2
A-5501,AirwayEpithelial
A-5502,AirwayEpithelial
A-5503,AT2
A-5504,InterstitialMac
A-5505,Capillary
A-5506,AirwayEpithelial
A-5507,perivascularDC
A-5508,AT1
A-5510,SMC
A-5512,InflamMac
A-5513,Artery
A-5515,InflamMac
A-5516,Artery
A-5518,AirwayEpithelial
A-5519,Pericyte
A-5520,AT1
A-5521,Bcell
A-5525,Pericyte
A-5526,AT2
A-5527,AT2
A-5531,AT2
A-5532,Capillary
A-5534,AirwayEpithelial
A-5535,AlveolarFibroblast
A-5536,Capillary
A-5537,AirwayEpithelial
A-5538,AlveolarMac
A-5539,BronchoFibroblast
A-5540,AirwayEpithelial
A-5541,Artery
A-5542,AlveolarMac
A-5546,InflamMac
A-5547,AirwayEpithelial
A-5548,SMC
A-5550,AirwayEpithelial
A-5552,Pericyte
A-5553,AirwayEpithelial
A-5554,Pericyte
A-5555,Artery
A-5556,MyoFB
A-5557,AirwayEpithelial
A-5559,AirwayEpithelial
A-5561,PatrolMac
A-5562,Capillary
A-5564,InflamMac
A-5565,AirwayEpithelial
A-5567,AirwayEpithelial
A-5568,AlveolarMac
A-5569,Capillary
A-5570,AT2
A-5571,AirwayEpithelial
A-5574,InflamMac
A-5575,Tcell
A-5576,Vein
A-5577,Neutrophil
A-5581,AlveolarFibroblast
A-5583,AT1
A-5586,MyoFB
A-5587,Tcell
A-5588,AirwayEpithelial
A-5590,Capillary
A-5591,SMC
A-5592,AirwayEpithelial
A-5593,MyoFB
A-5594,BronchoFibroblast
A-5595,AirwayEpithelial
A-5596,AirwayEpithelial
A-5597,Tcell
A-5598,Tcell
A-5599,Tcell
A-5600,BronchoFibroblast
A-5601,AirwayEpithelial
A-5602,AT1
A-5603,AirwayEpithelial
A-5604,Tcell
A-5605,InterstitialMac
A-5606,Tcell
A-5607,Tcell
A-5608,Tcell
A-5609,MyoFB
A-5610,Tcell
A-5611,Capillary
A-5613,AirwayEpithelial
A-5614,Capillary
A-5615,AirwayEpithelial
A-5616,AT1
A-5618,Tcell
A-5619,AirwayEpithelial
A-5620,BronchoFibroblast
A-5621,AirwayEpithelial
A-5622,AirwayEpithelial
A-5624,Bcell
A-5626,AirwayEpithelial
A-5629,AirwayEpithelial
A-5630,SMC
A-5631,AirwayEpithelial
A-5632,Capillary
A-5633,AirwayEpithelial
A-5634,AirwayEpithelial
A-5635,Capillary
A-5636,SMC
A-5637,Tcell
A-5638,Tcell
A-5639,Capillary
A-5640,Tcell
A-5641,AirwayEpithelial
A-5642,Tcell
A-5643,AirwayEpithelial
A-5644,AT1
A-5645,Tcell
A-5646,AirwayEpithelial
A-5648,Capillary
A-5649,Capillary
A-5650,AirwayEpithelial
A-5652,AirwayEpithelial
A-5653,mucosalDC
A-5655,AirwayEpithelial
A-5656,Tcell
A-5658,perivascularDC
A-5660,Tcell
A-5661,AlveolarMac
A-5662,Tcell
A-5663,Capillary
A-5666,SMC
A-5667,AirwayEpithelial
A-5668,AirwayEpithelial
A-5669,AirwayEpithelial
A-5670,AirwayEpithelial
A-5671,Capillary
A-5672,AirwayEpithelial
A-5673,AT2
A-5675,BronchoFibroblast
A-5676,AirwayEpithelial
A-5677,Tcell
A-5678,Capillary
A-5679,SMC
A-5681,Tcell
A-5682,SMC
A-5683,AirwayEpithelial
A-5686,Tcell
A-5687,AirwayEpithelial
A-5688,Tcell
A-5689,AirwayEpithelial
A-5690,AirwayEpithelial
A-5691,BronchoFibroblast
A-5692,AirwayEpithelial
A-5694,MyoFB
A-5695,Pericyte
A-5696,BronchoFibroblast
A-5698,Tcell
A-5699,Tcell
A-5700,BronchoFibroblast
A-5701,Tcell
A-5702,AirwayEpithelial
A-5703,MyoFB
A-5704,MyoFB
A-5705,AirwayEpithelial
A-5706,Tcell
A-5708,Tcell
A-5709,AirwayEpithelial
A-5711,AirwayEpithelial
A-5713,PatrolMac
A-5716,AirwayEpithelial
A-5717,Capillary
A-5718,Capillary
A-5719,AirwayEpithelial
A-5721,Capillary
A-5722,InflamMac
A-5723,AirwayEpithelial
A-5726,BronchoFibroblast
A-5728,Tcell
A-5730,Tcell
A-5731,Tcell
A-5732,AT1
A-5733,MyoFB
A-5735,SMC
A-5736,Tcell
A-5737,AirwayEpithelial
A-5738,Tcell
A-5739,AirwayEpithelial
A-5740,Capillary
A-5741,Tcell
A-5742,Neutrophil
A-5743,SMC
A-5745,Capillary
A-5746,AirwayEpithelial
A-5747,AirwayEpithelial
A-5748,AirwayEpithelial
A-5749,BronchoFibroblast
A-5753,AirwayEpithelial
A-5755,AirwayEpithelial
A-5756,SMC
A-5757,Tcell
A-5758,Tcell
A-5760,AirwayEpithelial
A-5762,AirwayEpithelial
A-5763,Tcell
A-5764,Tcell
A-5765,AirwayEpithelial
A-5766,Tcell
A-5767,AirwayEpithelial
A-5768,AirwayEpithelial
A-5769,AirwayEpithelial
A-5771,Neutrophil
A-5772,Capillary
A-5773,Capillary
A-5774,Tcell
A-5776,SMC
A-5777,Tcell
A-5779,BronchoFibroblast
A-5780,AirwayEpithelial
A-5781,Tcell
A-5782,Tcell
A-5784,Tcell
A-5785,Tcell
A-5786,Tcell
A-5787,AT2
A-5788,BronchoFibroblast
A-5790,Capillary
A-5791,AirwayEpithelial
A-5792,AirwayEpithelial
A-5793,Tcell
A-5794,AirwayEpithelial
A-5797,Tcell
A-5798,AirwayEpithelial
A-5799,AirwayEpithelial
A-5800,AirwayEpithelial
A-5802,AirwayEpithelial
A-5803,Tcell
A-5804,AirwayEpithelial
A-5805,Tcell
A-5806,AirwayEpithelial
A-5807,AirwayEpithelial
A-5809,Tcell
A-5810,Capillary
A-5811,Capillary
A-5812,Capillary
A-5814,Capillary
A-5817,InflamMac
A-5818,AlveolarFibroblast
A-5820,AirwayEpithelial
A-5821,AirwayEpithelial
A-5823,AirwayEpithelial
A-5825,Capillary
A-5828,Tcell
A-5829,BronchoFibroblast
A-5830,Tcell
A-5831,AirwayEpithelial
A-5832,AirwayEpithelial
A-5833,Tcell
A-5834,AirwayEpithelial
A-5837,MyoFB
A-5838,AlveolarFibroblast
A-5839,Capillary
A-5841,AirwayEpithelial
A-5842,Capillary
A-5846,Bcell
A-5847,AirwayEpithelial
A-5848,Tcell
A-5849,AirwayEpithelial
A-5850,AirwayEpithelial
A-5851,SMC
A-5852,AirwayEpithelial
A-5853,AirwayEpithelial
A-5855,Tcell
A-5856,Artery
A-5857,InflamMac
A-5858,AirwayEpithelial
A-5859,AirwayEpithelial
A-5862,AirwayEpithelial
A-5864,AT1
A-5865,Tcell
A-5867,AirwayEpithelial
A-5868,SMC
A-5872,Tcell
A-5873,AirwayEpithelial
A-5874,AirwayEpithelial
A-5875,Tcell
A-5876,SMC
A-5879,AirwayEpithelial
A-5882,SMC
A-5884,AirwayEpithelial
A-5885,AirwayEpithelial
A-5887,AlveolarMac
A-5888,Tcell
A-5889,Capillary
A-5890,AirwayEpithelial
A-5891,AirwayEpithelial
A-5892,AirwayEpithelial
A-5895,AirwayEpithelial
A-5896,Tcell
A-5897,AirwayEpithelial
A-5898,MyoFB
A-5899,AirwayEpithelial
A-5900,AirwayEpithelial
A-5901,Tcell
A-5902,InflamMac
A-5903,InflamMac
A-5906,MyoFB
A-5909,BronchoFibroblast
A-5913,Tcell
A-5915,Tcell
A-5916,BronchoFibroblast
A-5918,AirwayEpithelial
A-5919,AirwayEpithelial
A-5920,SMC
A-5921,AirwayEpithelial
A-5922,AirwayEpithelial
A-5926,SMC
A-5928,AirwayEpithelial
A-5930,AirwayEpithelial
A-5931,Tcell
A-5932,Tcell
A-5933,Tcell
A-5935,SMC
A-5936,SMC
A-5938,AlveolarMac
A-5939,AirwayEpithelial
A-5940,Tcell
A-5941,AirwayEpithelial
A-5942,AirwayEpithelial
A-5943,AirwayEpithelial
A-5944,Capillary
A-5945,AirwayEpithelial
A-5946,AirwayEpithelial
A-5948,Capillary
A-5951,Tcell
A-5954,AT1
A-5956,AT2
A-5958,AlveolarMac
A-5959,Neutrophil
A-5960,AT2
A-5961,AT1
A-5962,Artery
A-5963,AT2
A-5965,Pericyte
A-5968,AT1
A-5970,AT1
A-5971,Artery
A-5972,PatrolMac
A-5973,AT2
A-5975,MyoFB
A-5976,Vein
A-5978,AT2
A-5980,MyoFB
A-5982,Artery
A-5983,Bcell
A-5984,AT1
A-5986,AT1
A-5988,AT2
A-5989,Artery
A-5991,InflamMac
A-5992,AT2
A-5993,Artery
A-5994,Artery
A-5995,Pericyte
A-5996,Vein
A-5997,AT1
A-5998,Vein
A-6000,Artery
A-6003,MyoFB
A-6004,Artery
A-6005,AlveolarFibroblast
A-6008,Capillary
A-6011,Bcell
A-6012,Artery
A-6013,Pericyte
A-6015,MyoFB
A-6016,Bcell
A-6017,AT1
A-6018,AT1
A-6019,Artery
A-6020,SMC
A-6022,InflamMac
A-6023,AT1
A-6024,Artery
A-6025,PatrolMac
A-6026,Artery
A-6027,Pericyte
A-6030,AT1
A-6031,MyoFB
A-6032,AT2
A-6033,Pericyte
A-6034,Artery
A-6035,PatrolMac
A-6037,MyoFB
A-6039,AT2
A-6042,AT2
A-6043,AirwayEpithelial
A-6044,Artery
A-6045,AT2
A-6047,AT1
A-6048,Bcell
A-6049,AlveolarFibroblast
A-6052,AT2
A-6053,Artery
A-6054,Artery
A-6055,Vein
A-6056,AT1
A-6058,Artery
A-6059,Vein
A-6063,BronchoFibroblast
A-6064,Artery
A-6065,PatrolMac
A-6067,Capillary
A-6069,AT1
A-6070,Pericyte
A-6071,AT2
A-6072,Artery
A-6073,InflamMac
A-6074,AT2
A-6075,Pericyte
A-6076,MyoFB
A-6081,AT2
A-6082,Artery
A-6083,AT1
A-6084,Pericyte
A-6088,Capillary
A-6090,AT2
A-6091,Vein
A-6093,AT2
A-6094,AT2
A-6095,AT2
A-6096,Bcell
A-6098,Pericyte
A-6099,Pericyte
A-6100,AT1
A-6102,AT1
A-6103,AT1
A-6104,AT1
A-6105,Pericyte
A-6106,Tcell
A-6109,AT1
A-6110,AT1
A-6111,MyoFB
A-6112,Artery
A-6113,Artery
A-6114,AT2
A-6115,MyoFB
A-6117,perivascularDC
A-6118,AT1
A-6120,pDC
A-6121,AT1
A-6122,SMC
A-6124,Vein
A-6126,BronchoFibroblast
A-6127,Tcell
A-6128,AT1
A-6129,Pericyte
A-6131,AT2
A-6132,AT1
A-6133,AT2
A-6135,Vein
A-6136,AT1
A-6137,InflamMac
A-6139,mucosalDC
A-6140,Bcell
A-6141,BronchoFibroblast
A-6144,AlveolarFibroblast
A-6147,InflamMac
A-6148,Vein
A-6151,AT1
A-6152,Vein
A-6154,Artery
A-6155,AT1
A-6157,MyoFB
A-6158,Artery
A-6159,Artery
A-6160,AlveolarMac
A-6166,InflamMac
A-6167,BronchoFibroblast
A-6169,InflamMac
A-6170,InflamMac
A-6172,AT1
A-6176,Artery
A-6177,Pericyte
A-6179,Pericyte
A-6180,AT2
A-6181,InflamMac
A-6183,Pericyte
A-6184,Artery
A-6185,AT1
A-6186,mucosalDC
A-6187,AT1
A-6190,AT2
A-6191,AT1
A-6193,SMC
A-6195,AT1
A-6199,Artery
A-6200,AT2
A-6202,SMC
A-6203,AT1
A-6204,AT1
A-6206,AT1
A-6207,MyoFB
A-6208,AirwayEpithelial
A-6209,SMC
A-6211,Artery
A-6212,InflamMac
A-6213,AT2
A-6215,AlveolarMac
A-6217,Vein
A-6220,AT2
A-6224,AT1
A-6225,AT1
A-6226,mucosalDC
A-6229,Artery
A-6230,Vein
A-6233,AlveolarFibroblast
A-6234,Vein
A-6235,Capillary
A-6237,Bcell
A-6244,Pericyte
A-6245,Pericyte
A-6247,InflamMac
A-6249,Artery
A-6250,Capillary
A-6251,AT1
A-6253,mucosalDC
A-6254,mucosalDC
A-6255,AT2
A-6257,AT1
A-6261,AT1
A-6262,Pericyte
A-6263,AT2
A-6266,Artery
A-6267,AT2
A-6269,AT2
A-6273,pDC
A-6275,AT2
A-6276,Tcell
A-6277,Artery
A-6279,MyoFB
A-6280,Artery
A-6281,InflamMac
A-6282,Capillary
A-6284,Vein
A-6285,AT1
A-6287,Artery
A-6288,AT1
A-6291,SMC
A-6294,AT1
A-6295,AT1
A-6296,AT1
A-6297,Artery
A-6298,SMC
A-6300,AlveolarFibroblast
A-6302,BronchoFibroblast
A-6307,AT1
A-6309,Pericyte
A-6310,InflamMac
A-6311,AT1
A-6313,pDC
A-6314,mucosalDC
A-6315,Artery
A-6317,MyoFB
A-6318,Artery
A-6319,Artery
A-6320,Vein
A-6324,Bcell
A-6325,Vein
A-6326,MyoFB
A-6327,Vein
A-6330,AT2
A-6332,BronchoFibroblast
A-6336,AT2
A-6337,AT1
A-6338,Artery
A-6339,Artery
A-6342,Artery
A-6343,InflamMac
A-6345,AT2
A-6346,Artery
A-6347,Capillary
A-6349,Pericyte
A-6352,Pericyte
A-6353,AT1
A-6354,MyoFB
A-6356,SMC
A-6357,AlveolarFibroblast
A-6364,Pericyte
A-6367,BronchoFibroblast
A-6369,PatrolMac
A-6370,AlveolarFibroblast
A-6371,PatrolMac
A-6372,Pericyte
A-6375,Capillary
A-6376,PatrolMac
A-6380,AT1
A-6381,Capillary
A-6382,AT1
A-6384,Artery
A-6385,AT1
A-6386,Pericyte
A-6387,AT1
A-6388,Artery
A-6390,Neutrophil
A-6394,Vein
A-6395,InflamMac
A-6397,AT2
A-6398,Capillary
A-6399,Bcell
A-6400,AlveolarFibroblast
A-6401,AT2
A-6402,Artery
A-6403,PatrolMac
A-6404,AirwayEpithelial
A-6405,Artery
A-6406,InflamMac
A-6407,Capillary
A-6408,Tcell
A-6410,AT2
A-6411,AirwayEpithelial
A-6412,AT2
A-6413,Pericyte
A-6415,Artery
A-6416,Pericyte
A-6417,Pericyte
A-6418,Capillary
A-6419,AT2
A-6420,AT1
A-6421,SMC
A-6422,Artery
A-6423,AlveolarFibroblast
A-6424,Capillary
A-6426,Artery
A-6427,AT2
A-6428,Capillary
A-6429,Artery
A-6431,BronchoFibroblast
A-6432,AT1
A-6433,InflamMac
A-6435,Capillary
A-6436,Tcell
A-6439,AirwayEpithelial
A-6440,Pericyte
A-6441,Capillary
A-6443,Capillary
A-6444,Artery
A-6446,AT2
A-6447,Capillary
A-6449,PatrolMac
A-6450,AT2
A-6452,Pericyte
A-6453,Pericyte
A-6455,Pericyte
A-6456,Artery
A-6457,Pericyte
A-6458,Pericyte
A-6462,Pericyte
A-6463,Vein
A-6464,Artery
A-6466,AT2
A-6467,AirwayEpithelial
A-6468,Vein
A-6469,SMC
A-6472,Artery
A-6475,AT1
A-6476,InterstitialMac
A-6477,Vein
A-6478,AT2
A-6481,InterstitialMac
A-6482,Pericyte
A-6485,AlveolarFibroblast
A-6487,PatrolMac
A-6488,Capillary
A-6490,AT1
A-6491,Pericyte
A-6492,Pericyte
A-6493,BronchoFibroblast
A-6495,InflamMac
A-6496,AT2
A-6497,Bcell
A-6501,InflamMac
A-6504,Artery
A-6506,Artery
A-6508,AT1
A-6509,AT1
A-6510,mucosalDC
A-6511,AT2
A-6512,Pericyte
A-6513,BronchoFibroblast
A-6514,AT2
A-6515,InterstitialMac
A-6517,Pericyte
A-6518,InterstitialMac
A-6519,AT2
A-6520,Pericyte
A-6522,AT1
A-6523,AT1
A-6524,Capillary
A-6525,AT2
A-6527,Vein
A-6528,Vein
A-6529,Artery
A-6530,MyoFB
A-6531,AlveolarMac
A-6533,Neutrophil
A-6534,Pericyte
A-6535,InflamMac
A-6537,InflamMac
A-6538,AT1
A-6539,AirwayEpithelial
A-6540,Artery
A-6541,AT1
A-6542,InflamMac
A-6543,Pericyte
A-6544,Pericyte
A-6545,Pericyte
A-6546,Capillary
A-6547,AT2
A-6548,Pericyte
A-6549,Tcell
A-6551,Bcell
A-6552,InflamMac
A-6553,Artery
A-6554,Capillary
A-6555,Vein
A-6556,Pericyte
A-6557,PatrolMac
A-6558,AT1
A-6559,Pericyte
A-6561,AT1
A-6562,Pericyte
A-6564,AirwayEpithelial
A-6565,Capillary
A-6567,Capillary
A-6568,Capillary
A-6569,Artery
A-6570,Pericyte
A-6571,AT1
A-6573,Tcell
A-6576,AT2
A-6577,InflamMac
A-6579,AT1
A-6580,MyoFB
A-6581,Capillary
A-6583,AT2
A-6584,Vein
A-6586,MyoFB
A-6588,SMC
A-6589,Pericyte
A-6590,AT2
A-6591,Artery
A-6592,Artery
A-6593,AT1
A-6594,MyoFB
A-6595,Artery
A-6597,InflamMac
A-6598,AT1
A-6600,Vein
A-6601,MyoFB
A-6603,Capillary
A-6604,AT2
A-6605,AT2
A-6608,BronchoFibroblast
A-6609,SMC
A-6611,AlveolarFibroblast
A-6612,Artery
A-6614,AT2
A-6616,AT2
A-6618,AT1
A-6619,Capillary
A-6620,Vein
A-6622,Pericyte
A-6623,AT1
A-6624,Bcell
A-6625,AT2
A-6626,AT1
A-6629,Pericyte
A-6630,Pericyte
A-6632,Pericyte
A-6634,Artery
A-6635,Pericyte
A-6636,Artery
A-6637,Pericyte
A-6638,AT2
A-6640,Capillary
A-6641,SMC
A-6643,AT1
A-6645,Pericyte
A-6646,PatrolMac
A-6647,Capillary
A-6649,AT2
A-6650,AT2
A-6651,AT2
A-6652,Bcell
A-6657,InterstitialMac
A-6658,Pericyte
A-6659,Capillary
A-6660,pDC
A-6661,Pericyte
A-6663,PatrolMac
A-6666,Artery
A-6668,AT1
A-6669,Pericyte
A-6671,Artery
A-6672,Artery
A-6673,Pericyte
A-6676,Vein
A-6680,AlveolarFibroblast
A-6681,Artery
A-6682,Vein
A-6686,Artery
A-6687,AlveolarFibroblast
A-6689,Bcell
A-6690,Vein
A-6691,Pericyte
A-6692,InflamMac
A-6693,AT1
A-6694,AT1
A-6695,Vein
A-6697,Artery
A-6698,Vein
A-6701,AT2
A-6702,pDC
A-6703,AlveolarFibroblast
A-6705,Pericyte
A-6706,Artery
A-6708,MyoFB
A-6710,Tcell
A-6712,Capillary
A-6713,AT2
A-6714,AT2
A-6715,AT2
A-6717,InflamMac
A-6718,AT2
A-6720,Pericyte
A-6721,Vein
A-6722,AT2
A-6724,Artery
A-6725,BronchoFibroblast
A-6726,Capillary
A-6729,AT1
A-6730,Capillary
A-6731,Pericyte
A-6732,Artery
A-6733,InflamMac
A-6734,AT1
A-6735,Pericyte
A-6736,AT1
A-6741,Pericyte
A-6742,Pericyte
A-6743,Capillary
A-6744,AT1
A-6748,Artery
A-6750,AlveolarMac
A-6752,AT1
A-6753,AT1
A-6755,AT1
A-6756,AT2
A-6760,Artery
A-6762,InflamMac
A-6763,mucosalDC
A-6764,AT1
A-6766,AT2
A-6767,Pericyte
A-6768,Pericyte
A-6770,Bcell
A-6771,AlveolarFibroblast
A-6773,Capillary
A-6774,Pericyte
A-6775,AT2
A-6778,Capillary
A-6779,Pericyte
A-6782,AT2
A-6783,AT1
A-6785,Pericyte
A-6786,SMC
A-6787,Capillary
A-6788,Pericyte
A-6790,Capillary
A-6792,AlveolarFibroblast
A-6801,AlveolarMac
A-6803,AT1
A-6808,AT2
A-6810,AT2
A-6812,AT1
A-6813,PatrolMac
